,inhibitor,median_auc_itd_pos,median_auc_itd_neg,delta_auc,n_itd_pos,n_itd_neg,p_value,is_flt3_targeter
1,Foretinib (XL880),70.9130019423807,128.532843502187,-57.619841559806304,134,377,9.495753187662427e-21,True
2,Venetoclax,71.901856445487,124.431306594652,-52.529450149165,77,194,0.00013323081088141185,False
3,Sorafenib,145.387673089961,193.502793299635,-48.11512020967399,122,311,3.8393198509638336e-24,True
4,Cabozantinib,119.918246516085,167.244543297034,-47.326296780948994,119,289,4.582642174539168e-15,False
5,Crenolanib,139.026642699872,181.408678706802,-42.38203600692998,55,112,2.861815954637222e-09,True
6,Ponatinib (AP24534),99.8285439441948,141.29072625945,-41.46218231525519,93,252,3.53317656667872e-10,False
7,Dovitinib (CHIR-258),116.0112552088595,157.241506255962,-41.23025104710251,118,324,6.465165759654238e-15,True
8,Vargetef,135.92297801987,175.505905980304,-39.582927960434006,117,279,7.983385515590103e-12,True
9,Ralimetinib (LY2228820),97.3821684128613,136.91338704472,-39.53121863185869,13,29,0.34159654811641793,False
10,Midostaurin,144.613856049201,183.784347278005,-39.170491228803996,79,183,1.4101075234846636e-07,True
11,KW-2449,150.926622725035,188.124982380122,-37.19835965508699,111,155,2.8563677791460235e-09,True
12,Perhexiline maleate,132.406313535421,167.81075550177002,-35.404441966349026,10,20,0.02513032407450719,False
13,GSK-1904529A,178.47933740608448,213.321465900255,-34.84212849417051,26,61,0.00187977792880421,False
14,PH-797804,106.394665059141,140.579353421822,-34.18468836268099,13,30,0.017762565856141367,False
15,MGCD-265,156.063555727703,190.24793592063,-34.184380192926994,82,181,1.647263922086842e-06,False
16,Linifanib (ABT-869),144.291815228107,177.211566679344,-32.919751451237005,109,233,4.320919618230539e-08,True
17,Quizartinib (AC220),117.58956475419,150.38097237518502,-32.79140762099503,123,336,1.9455801446441145e-12,True
18,Lestaurtinib (CEP-701),132.441569281865,164.255313198661,-31.813743916796028,19,55,0.0023014023327667336,False
19,LY-333531,179.22404612563,208.943121384157,-29.719075258527,106,241,4.411043405754634e-11,False
20,Lenalidomide,124.7553481379565,154.1425388343765,-29.387190696419992,16,30,0.21310810662014462,False
21,Sunitinib,151.213703291625,179.9408473484475,-28.72714405682251,113,168,1.1379749914946948e-11,True
22,PD173955,149.101906698493,177.54132541624648,-28.439418717753483,110,260,0.0004289398359850144,False
23,Gilteritinib,108.331400853272,135.983331209644,-27.651930356372006,56,179,0.0001674420246551704,False
24,17-AAG (Tanespimycin),125.026800621763,151.014233260804,-25.98743263904099,121,331,1.8506009422634565e-09,False
25,JNJ-28312141,95.2789953118157,120.614607174159,-25.3356118623433,77,139,0.0010752840190753614,True
26,Regorafenib (BAY 73-4506),160.812196325351,185.707620034729,-24.89542370937798,129,353,2.410522379472272e-12,False
27,PHA-665752,187.57363064651,212.4235291860785,-24.8498985395685,103,258,2.38335854870643e-07,False
28,Tozasertib (VX-680),180.204014538146,205.025856525267,-24.82184198712099,99,200,4.2967340683551227e-07,True
29,Staurosporine,151.87616122772948,176.5761400700425,-24.699978842313016,22,60,0.10363529497036778,False
30,TG101348,135.2214247705005,157.386346325487,-22.164921554986506,24,77,0.033539606431849465,True
31,Pelitinib (EKB-569),138.028227823986,160.029627359217,-22.001399535231002,135,357,6.163661940448448e-07,False
32,Lovastatin,170.5265707805655,191.876554485135,-21.349983704569496,14,33,0.1557925571642284,False
33,Cytarabine,172.160963106451,193.4628312735195,-21.301868167068505,91,218,8.624757118400796e-05,False
34,AT-101,179.2980677332905,199.86260718878,-20.564539455489495,18,53,0.018682179694786284,False
35,NVP-TAE684,157.919233351512,178.145380748089,-20.226147396577005,107,185,5.527795480692021e-07,False
36,Lenvatinib,142.76307151211,162.968047729327,-20.204976217216995,99,221,1.3508873885781415e-05,False
37,PP2,179.397513377061,199.5215249686655,-20.1240115916045,12,20,0.21244644005076696,False
38,A-674563,118.000082259628,137.782574727575,-19.782492467946994,135,387,4.085796550947723e-06,False
39,Cediranib (AZD2171),204.5552593991645,224.1407847107575,-19.58552531159299,40,96,0.04897385704961891,False
40,VX-745,162.388829292905,181.754884255647,-19.366054962742,103,237,0.03445552910856061,False
41,SB-431542,144.543562059127,163.858619319847,-19.31505726072001,12,31,0.14241715623343704,False
42,Entospletinib (GS-9973),159.025477537753,176.951480746756,-17.926003209003,87,191,0.00023330868885833306,False
43,Tivozanib (AV-951),129.3518039001035,147.1684091100315,-17.816605209927985,120,242,0.0019339828795118942,False
44,Neratinib (HKI-272),138.94763171658298,156.414592177049,-17.466960460466026,128,351,4.507583796300268e-06,False
45,LY294002,142.454034522059,159.805955628124,-17.351921106064992,27,80,0.44722103935194263,False
46,CYT387,148.55758251167248,165.841396428103,-17.283813916430518,116,293,2.7159216958062774e-05,False
47,Entrectinib,166.053661338148,183.272211807306,-17.218550469158004,57,161,0.012681367690191852,False
48,Bosutinib (SKI-606),181.345620554143,198.479528262949,-17.133907708805992,111,244,0.00023342871665230438,False
49,INK-128,101.38217988516749,118.2350469949335,-16.85286710976601,130,344,6.142836637148095e-05,False
50,Ibrutinib (PCI-32765),165.789717598494,181.695554166105,-15.905836567611004,97,165,0.010127200886966654,False
51,PP242,115.30939239439999,130.9292277519725,-15.619835357572498,134,358,0.004546939882826894,False
52,S31-201,143.4698159958825,158.658056649799,-15.188240653916495,26,59,0.10839856853013069,False
53,NVP-ADW742,188.376138401903,203.359904804803,-14.983766402899988,97,199,5.280061960889562e-05,False
54,RAF265 (CHIR-265),142.9612920787705,157.835097678752,-14.873805599981495,130,352,0.004666940687152977,False
55,PRT062607,176.162957344561,190.241009338534,-14.07805199397302,115,281,0.00012020560115067434,False
56,PI-103,121.1399365737185,134.804819361064,-13.664882787345505,132,349,0.007073370979980644,False
57,AKT Inhibitor IV,118.42087541676301,131.567222304399,-13.146346887635985,26,79,0.013091540745595452,False
58,Canertinib (CI-1033),205.373468236158,218.15592923104498,-12.782460994886975,121,312,6.447567514472396e-05,False
59,Dasatinib,114.551549465486,126.9481755249775,-12.396626059491496,94,224,0.07797573000749951,False
60,Afatinib (BIBW-2992),156.886866416348,169.0021326418375,-12.115266225489506,136,388,0.0007169087691990567,False
61,Crizotinib (PF-2341066),176.11690913389998,188.142531870576,-12.025622736676013,114,273,0.0006512631187109193,False
62,AGI-5198,179.081266111996,190.361209822509,-11.27994371051301,15,24,0.1740723124765311,False
63,Palbociclib,196.055963639469,207.1584587730245,-11.102495133555493,49,74,0.04682882772120862,False
64,Go6976,165.139895060711,175.93292856474,-10.793033504028983,18,56,0.002734403730577219,False
65,JAK Inhibitor I,147.89805401073602,158.21743920489098,-10.319385194154961,98,226,0.005141123192727212,False
66,Erlotinib,201.010199381189,210.8945009559675,-9.884301574778476,107,176,0.0014621698134853719,False
67,Vandetanib (ZD6474),188.802482469584,198.367565655786,-9.565083186202003,79,86,0.027041825659953105,False
68,JNK Inhibitor II,178.516927049612,187.560748823132,-9.043821773519994,17,31,0.20025213373135126,False
69,SNS-032 (BMS-387032),81.49706050902884,90.49125877698384,-8.994198267955,138,396,0.027063457647506367,False
70,Axitinib (AG-013736),167.5762256062255,175.99762403519748,-8.421398428971969,104,210,0.2364376956209669,False
71,Rapamycin,118.913288123711,127.161738991505,-8.248450867794006,68,177,0.5292883041224444,False
72,NF-kB Activation Inhibitor,159.473580118323,167.582427830609,-8.108847712285979,73,165,0.055634629691671995,False
73,GDC-0941,134.930166546051,142.76950993559,-7.83934338953901,125,329,0.10592950803161977,False
74,AZD1152-HQPA (AZD2811),159.05143892338702,166.2599557701515,-7.208516846764468,68,62,0.03296695093148006,True
75,Lapatinib,194.9889044916,201.938495189118,-6.949590697517976,49,114,0.19203302287571883,False
76,Imatinib,194.5821857282045,201.430457140591,-6.848271412386481,60,126,0.02555465405592488,False
77,Nutlin 3a,220.153104669689,226.921386715558,-6.768282045869,55,101,0.1313087006051411,False
78,Vatalanib (PTK787),196.796052913035,203.214814998926,-6.4187620858909895,77,135,0.3599783233818371,False
79,JNJ-7706621,231.179811817195,237.58553908425648,-6.405727267061479,119,308,0.0779389301639675,False
80,Idelalisib,157.7020003663015,163.938177510159,-6.236177143857503,68,175,0.16584295883849876,False
81,AMPK Inhibitor,175.5294046729545,181.744000253476,-6.21459558052149,14,20,0.1956336396413197,False
82,Masitinib (AB-1010),178.3513031777255,183.588542810846,-5.2372396331205096,78,199,0.09483179531619568,False
83,AT7519,124.656587866552,129.824278159853,-5.167690293301007,123,365,0.061060129642466265,False
84,Birinapant,133.88679371716648,139.035314322673,-5.148520605506519,20,59,0.2731879540999296,False
85,SU11274,196.461600266433,201.288933244212,-4.82733297777898,89,186,0.061140084048496926,False
86,Roscovitine (CYC-202),205.190942739417,209.983013489835,-4.792070750417992,41,41,0.5735738223780278,False
87,Pazopanib (GW786034),181.0035616886195,185.036472478455,-4.032910789835512,100,139,0.13177271766701465,False
88,Saracatinib (AZD0530),190.52599833734052,194.518277559914,-3.9922792225734725,96,213,0.15251002046577422,False
89,DBZ,160.8209435866885,164.406695648698,-3.5857520620095045,18,21,0.7549687146431574,False
90,GW-2580,173.07758448654,176.325988515068,-3.2484040285280003,72,191,0.3529956620659824,False
91,Doramapimod (BIRB 796),135.061324581995,138.282798244891,-3.2214736628960168,89,211,0.3892752404356437,False
92,Volasertib (BI-6727),154.910589443254,157.600713049914,-2.690123606659995,96,279,0.461086378368801,False
93,MK-2206,160.385332322263,162.9158167089515,-2.5304843866884994,51,154,0.2939240806124165,False
94,Azacytidine,173.074505916528,175.455065215141,-2.3805592986129795,19,29,0.4663974414679508,False
95,JNJ-38877605,189.61810324458202,191.709706158185,-2.0916029136029977,40,73,0.12635785092583285,False
96,BMS-345541,232.521311303232,233.956250714572,-1.4349394113399967,107,301,0.20641622147864735,False
97,GSK-1838705A,195.94240972004297,197.17468529701802,-1.2322755769750415,88,214,0.42608594232308095,False
98,Nilotinib,195.90393176096848,197.064584480352,-1.1606527193835348,80,221,0.28165786226950645,False
99,Tofacitinib (CP-690550),195.78723765963701,196.5824119587395,-0.7951742991024844,52,182,0.7251238503469111,False
100,JQ1,139.469482277437,139.20118829662948,0.26829398080752753,101,274,0.4978579049370398,False
101,ABT-737,169.05110691622,167.9956457963745,1.0554611198454893,55,154,0.07863901485853617,False
102,AZD1480,198.176847333041,196.83924427864,1.3376030544010007,63,104,0.3539221560233418,False
103,Tandutinib (MLN518),164.447709071593,162.845279085408,1.602429986185001,13,23,0.5393531345465465,True
104,SGX-523,184.838995931886,182.971130738718,1.8678651931680008,14,24,0.5060360409873177,False
105,H-89,199.009915243342,197.080791505454,1.9291237378880055,57,116,0.4748922669899375,False
106,Flavopiridol,106.279760199068,104.16929342199899,2.110466777069007,121,362,0.7829132209431695,False
107,YM-155,226.280654807544,224.152472369475,2.128182438069018,83,240,0.9001533428960573,False
108,GSK690693,183.560440623829,181.3201944521625,2.240246171666513,17,34,0.40912917446247105,False
109,Selinexor,96.3208408643585,93.2801465742491,3.0406942901094,66,202,0.5679008632536907,False
110,Ruxolitinib (INCB018424),193.234924438246,189.9385983867615,3.296326051484499,41,84,0.794739691413844,False
111,Gefitinib,202.06025927609852,198.70907460167803,3.3511846744204945,66,52,0.4729895776071123,False
112,BLZ945,170.733986415219,167.19890299950902,3.535083415709977,12,22,0.4355864865995916,False
113,SR9011,204.004421785419,200.1745832666285,3.8298385187904955,28,32,0.4911338051811993,False
114,TG100-115,211.808735138004,207.759305183589,4.049429954415018,25,77,0.4077301954292789,False
115,BEZ235,129.5579757959735,125.141625514776,4.416350281197509,114,309,0.7021651674596874,False
116,Alisertib (MLN8237),210.645086789939,206.117381399285,4.527705390654006,92,139,0.7538984747600888,False
117,KI20227,146.41277245178748,141.74430587747997,4.668466574307502,86,182,0.5349772370813682,False
118,MLN8054,205.559596803375,200.537729733498,5.021867069877004,20,47,0.6158445571862514,False
119,Bortezomib (Velcade),153.542538492736,147.528932921592,6.013605571144012,127,367,0.87632253180709,False
120,Panobinostat,58.22686967923645,52.0137812123491,6.213088466887349,42,158,0.6965151540049218,False
121,Elesclomol,36.0771753049266,29.1130806516167,6.9640946533099,67,213,0.9831762336357579,False
122,Motesanib (AMG-706),179.076818395111,171.65145660482,7.425361790290992,64,99,0.9383571800389852,False
123,MLN120B,199.518302302821,190.905306044733,8.612996258088003,17,45,0.468557336483574,False
124,CI-1040 (PD184352),176.577008557118,167.669414838825,8.907593718293015,103,274,0.9930337032819551,False
125,Selumetinib (AZD6244),141.6272865151335,132.5248197571965,9.102466757937009,66,192,0.9412180509084864,False
126,OTX-015,134.357164739065,123.0071226078785,11.350042131186513,79,226,0.9536557245555697,False
127,KU-55933,180.197347073868,167.55167057933,12.645676494538009,31,63,0.7654065690308582,False
128,Indisulam,163.785600646979,149.63945022672198,14.146150420257015,19,60,0.7525423106497591,False
129,Trametinib (GSK1120212),109.66367483363251,91.9888802094648,17.674794624167717,102,255,0.9948668162903234,False
130,XAV-939,191.531536201096,172.9328071508475,18.598729050248494,11,26,0.9594654771307001,False
131,BI-2536,175.568154563697,149.562600060289,26.005554503408007,31,95,0.9684076693236164,False
132,Vismodegib (GDC-0449),202.79617023795,166.879612960927,35.916557277023,10,15,0.7893925436854572,False
