smiles,vina_kcal_mol,predicted_safety,qed,synth_solvable_prob,applicability_domain,cand_score,confidence_tier
CCN(CC1CCOCC1)C(=O)Cn1cccc(C(F)(F)F)c1=O,-6.01,0.7013,0.8208,0.9118,in-domain,3.8430664934000007,reliable-ADMET (docking pose-plausible hypothesis)
Cc1ccc(F)c(OC2(C(=O)O)CCN(C(=O)c3ccco3)CC2)c1,-6.74,0.5712,0.9198,0.9646,in-domain,3.7136019648000005,reliable-ADMET (docking pose-plausible hypothesis)
NS(=O)(=O)c1ccccc1NC(=O)c1c(F)c(F)cc(F)c1F,-6.73,0.5574,0.6578,0.9853,in-domain,3.6961578606,reliable-ADMET (docking pose-plausible hypothesis)
CC[C@H](C)[C@H](NC(C)=O)C(=O)N[C@@H](CC(C)C)C(=O)N[C@@H](CC(F)F)C(=O)C(=O)O,-5.28,0.856,0.3163,0.817,low (out-of-domain),3.69257856,LOW (out-of-domain)
CN(C)CCC1=CC(=O)C(O)=CC1=N,-5.41,0.8301,0.6562,0.8193,low (out-of-domain),3.6793460312999997,LOW (out-of-domain)
CCC(C)NC(=O)C1CCN(S(=O)(=O)c2ccc3[nH]c(=O)oc3c2)CC1,-6.64,0.5513,0.8137,0.9812,in-domain,3.5918121184,reliable-ADMET (docking pose-plausible hypothesis)
CC(=O)C1C(=O)CCCC1=O,-4.28,0.8678,0.517,0.9459,low (out-of-domain),3.5132466456,LOW (out-of-domain)
CN1CCC(N(C)CC(Nc2nc3c(Br)c(Br)c(Br)c(Br)c3[nH]2)c2ccccc2)CC1,-6.24,0.6118,0.2228,0.9125,in-domain,3.4835892,reliable-ADMET (docking pose-plausible hypothesis)
NCCCn1c2c(c3ccc(C(=O)O)cc3c1=O)C(=O)c1ccccc1-2,-7.36,0.5512,0.5888,0.8489,in-domain,3.4438446848,reliable-ADMET (docking pose-plausible hypothesis)
COCCOCCC(=O)NCC(=O)Nc1cccc(S(=O)(=O)N[C@@H](Cc2cccc(C(=N)N)c2)C(=O)N2CCC(CCN)CC2)c1,-7.1,0.5025,0.0747,0.9588,low (out-of-domain),3.4207586999999995,LOW (out-of-domain)
O=C(NC1(CO)CCCCC1)c1cc(OCC(F)(F)F)c(C2CC2)cn1,-6.14,0.7456,0.8036,0.7434,in-domain,3.4032733055999995,reliable-ADMET (docking pose-plausible hypothesis)
O=S(=O)(Nc1nccs1)c1ccc(NCc2cccc(F)c2O)cc1,-6.68,0.5188,0.6106,0.9636,low (out-of-domain),3.3394367424,LOW (out-of-domain)
COC(=O)CN(c1ccc(C)cc1)S(=O)(=O)c1ccc(F)cc1,-6.28,0.5506,0.7866,0.9523,in-domain,3.2928324664,reliable-ADMET (docking pose-plausible hypothesis)
CN(CCc1ccccc1)CC(O)COc1ccc(F)cc1C(=O)CCc1ccccc1,-5.54,0.6122,0.4241,0.9668,in-domain,3.2789872784,reliable-ADMET (docking pose-plausible hypothesis)
CC(Sc1nnnn1-c1ccccc1)C(=O)Nc1ccc(Cl)cn1,-6.4,0.5465,0.704,0.9193,low (out-of-domain),3.21534368,LOW (out-of-domain)
COc1ccc(/C=N\NC(=S)NC2CCCCC2)cc1OC,-6.13,0.5154,0.4961,0.9666,in-domain,3.0538779731999997,reliable-ADMET (docking pose-plausible hypothesis)
COC(=O)N1CC2(CC2)C[C@H](C(=O)NO)[C@H]1C(=O)N1CC=C(c2ccccc2)CC1,-6.46,0.7215,0.5837,0.6536,in-domain,3.046357704,reliable-ADMET (docking pose-plausible hypothesis)
Fc1cccc2c1cnn2CC1=NCCN1,-5.82,0.6047,0.822,0.8643,low (out-of-domain),3.0417776622000003,LOW (out-of-domain)
O=C1NC2(CCc3ccccc3C2)C(=O)N1CN1CCN(Cc2ccccc2)CC1,-7.29,0.5085,0.7945,0.8196,in-domain,3.038228514,reliable-ADMET (docking pose-plausible hypothesis)
CN(C)CCOCC1CN(Cc2cccs2)Cc2ccnn2C1,-5.5,0.5961,0.7267,0.913,in-domain,2.9933161499999996,reliable-ADMET (docking pose-plausible hypothesis)
NCCCCCN(Cc1ccccc1)C(=O)[C@H](N)Cc1ccc(-c2ccccc2)cc1,-6.19,0.5296,0.4566,0.9119,in-domain,2.9894124656,reliable-ADMET (docking pose-plausible hypothesis)
COC(=O)c1cc(COC(=O)CNC(=O)c2cccc(C)c2)oc1C,-5.88,0.5194,0.8063,0.9667,in-domain,2.9523714024,reliable-ADMET (docking pose-plausible hypothesis)
COc1cccc(C2NC(=O)c3ccccc3N2)c1,-6.77,0.5265,0.8656,0.8175,low (out-of-domain),2.9139010874999993,LOW (out-of-domain)
Cc1ccc(OCCn2nnc3sc4c(c3c2=O)CCC(C(C)(C)C)C4)cc1,-6.5,0.5373,0.655,0.8266,low (out-of-domain),2.8868591699999997,LOW (out-of-domain)
O=c1c2c(sn1-c1ccc(Cl)cc1F)CCCC2,-6.11,0.5224,0.7841,0.8941,low (out-of-domain),2.8538456024,LOW (out-of-domain)
O=C1NC(=S)NC(=O)C1=Cc1ccc2c(c1)CCN2CCCCl,-5.88,0.5211,0.3749,0.915,in-domain,2.80362222,reliable-ADMET (docking pose-plausible hypothesis)
CC[C@@H](NC(=O)c1cc(C(=O)N2CCC[C@@H]2C(C)C)c2n1CCOC2)c1ccccc1,-6.64,0.4457,0.7588,0.9289,in-domain,2.7490312471999996,reliable-ADMET (docking pose-plausible hypothesis)
Cc1csc(C(=O)N2CCN(S(=O)(=O)c3c[nH]c4ncccc34)[C@@H](C)C2)c1,-7.36,0.3781,0.7266,0.974,in-domain,2.7104627839999997,reliable-ADMET (docking pose-plausible hypothesis)
COc1cccc2c1CCC([N+](C)(C)C)C2,-5.55,0.6309,0.6947,0.7702,in-domain,2.696851449,reliable-ADMET (docking pose-plausible hypothesis)
Cc1cc(C)cc(NC(=O)NCc2ccc(Cc3c[nH]cn3)cc2)c1,-7.19,0.3825,0.6613,0.9704,in-domain,2.66876982,reliable-ADMET (docking pose-plausible hypothesis)
CNC(=O)c1ccccc1Nc1nc(Nc2ccc3c(c2)C(C)CN(C)CC3)ncc1Cl,-7.3,0.4304,0.5279,0.836,in-domain,2.6266451199999996,reliable-ADMET (docking pose-plausible hypothesis)
CCOC(=O)C1CCCN(c2c(NCCCN(C)Cc3ccccc3)c(=O)c2=O)C1,-6.23,0.4295,0.3625,0.9639,in-domain,2.5791891615000004,reliable-ADMET (docking pose-plausible hypothesis)
O=C(C[n+]1ccccc1)NNc1ccccc1,-5.58,0.4918,0.6081,0.9241,low (out-of-domain),2.5359558804000004,LOW (out-of-domain)
CN(C)/C=C/C(=O)c1cc(F)cc(C(F)(F)F)c1,-5.9,0.4696,0.4731,0.9139,in-domain,2.532087896,reliable-ADMET (docking pose-plausible hypothesis)
COCCCn1c(SCC(=O)N2CC(=O)Nc3ccccc32)nnc1-c1ccoc1C,-6.39,0.4535,0.4234,0.8646,in-domain,2.505494079,reliable-ADMET (docking pose-plausible hypothesis)
FC(F)(F)c1ccc(-c2ccc3nncn3n2)cc1,-6.54,0.3931,0.6784,0.9721,in-domain,2.4991466154,reliable-ADMET (docking pose-plausible hypothesis)
NCCCCCCS[C@H]1O[C@H](CO)[C@@H](O)[C@H](O)[C@@H]1O[C@H]1O[C@H](CO)[C@@H](O)[C@H](O)[C@@H]1O,-5.95,0.803,0.1455,0.4912,in-domain,2.3468799200000006,reliable-ADMET (docking pose-plausible hypothesis)
N[C@H](C(=O)O)[C@H](OCc1ccsc1)C(=O)O,-4.99,0.5859,0.6567,0.8006,in-domain,2.3406669846,reliable-ADMET (docking pose-plausible hypothesis)
CC(C)=NOC(=O)Nc1cccc2c1OCO2,-5.85,0.4399,0.4859,0.9031,in-domain,2.3240510865,reliable-ADMET (docking pose-plausible hypothesis)
CCC1(CC)Cc2ccccc2-c2nc(NCCO)[nH]c(=O)c21,-6.88,0.5995,0.7921,0.563,in-domain,2.3221272799999997,reliable-ADMET (docking pose-plausible hypothesis)
O=C(NCC1(F)CCNCC1)c1c(F)cccc1-c1cccc(Cl)c1,-6.13,0.4064,0.8616,0.9195,in-domain,2.2906878239999995,reliable-ADMET (docking pose-plausible hypothesis)
COC(=O)C1=C(c2ccc(S(C)(=O)=O)cc2)CCC1,-5.89,0.5356,0.7964,0.72,in-domain,2.2713724799999997,reliable-ADMET (docking pose-plausible hypothesis)
CCc1ccc(S(=O)(=O)N[C@@H]2c3cc(NC(=O)CNc4ccccc4)ccc3CC[C@H]2O)cc1,-7.05,0.3385,0.3947,0.928,in-domain,2.2146024,reliable-ADMET (docking pose-plausible hypothesis)
CN(CCCc1c[nH]c2ccc(F)cc12)C1COc2ccc3c(c2C1)C(=O)NCC3,-6.74,0.4494,0.6811,0.7295,low (out-of-domain),2.2096234020000005,LOW (out-of-domain)
COC(=O)C1CCN(Cc2coc(-c3ccc(Cl)cc3Cl)n2)CC1,-6.01,0.373,0.7619,0.9718,in-domain,2.178513214,reliable-ADMET (docking pose-plausible hypothesis)
COCCNC(=O)c1ccc2c(c1)C(=O)c1ccc(Nc3ccc(F)cc3F)cc1CC2,-6.79,0.3382,0.5619,0.9472,in-domain,2.1751292416,reliable-ADMET (docking pose-plausible hypothesis)
CS(=O)(=O)N1CC2(CCN(C(=O)[C@H](COCc3ccc(Cl)cc3)NCc3ccccc3)CC2)c2ccccc21,-7.76,0.321,0.4157,0.8673,in-domain,2.1604096079999997,reliable-ADMET (docking pose-plausible hypothesis)
O=C(O)c1cccc(NC(=O)c2cn(-c3ccccc3)nc2-c2ccc([N+](=O)[O-])cc2)c1,-7.11,0.3186,0.3461,0.9473,low (out-of-domain),2.1458675358,LOW (out-of-domain)
CC1(C)Oc2ccsc2[C@@H](N2CCCC2)[C@@H]1O,-5.32,0.7196,0.834,0.5551,in-domain,2.1250737872000003,reliable-ADMET (docking pose-plausible hypothesis)
CC12CN3CC(C)(CN(C1)C31CCSCC1)C2=O,-5.1,0.5993,0.6618,0.6678,low (out-of-domain),2.041083954,LOW (out-of-domain)
C[C@@H]1OC(c2ccccc2OCc2ccccc2)=N[C@@H]1C(=O)OCc1ccccc1,-6.05,0.3751,0.5455,0.8983,in-domain,2.0385615965,reliable-ADMET (docking pose-plausible hypothesis)
N#Cc1cc([N+](=O)[O-])ccc1Oc1ccc(Cl)c(Cl)c1,-5.78,0.3541,0.6146,0.9779,low (out-of-domain),2.0014659742000003,LOW (out-of-domain)
CCC(CC)(Cc1nc2c(F)cc(OCc3ccc(C)cn3)cc2n1Cc1ccc(C)cc1)C(=O)O,-7.02,0.3094,0.285,0.9145,in-domain,1.9862830259999997,reliable-ADMET (docking pose-plausible hypothesis)
CCOC(=O)c1c(-c2ccccc2)cn2c1c(-c1ccc(CN3CCC(c4nnc(-c5ccccn5)[nH]4)CC3)cc1)nc1ccccc12,-6.47,0.5609,0.1724,0.547,in-domain,1.985075581,reliable-ADMET (docking pose-plausible hypothesis)
NS(=O)(=O)c1ccc(CCNc2nc(NC(CO)C(=O)O)nc(NC(CO)C(=O)O)n2)cc1,-6.45,0.3775,0.1511,0.7999,low (out-of-domain),1.9476565125,LOW (out-of-domain)
Fc1ccc(Nc2n[nH]c3cc(OC(F)(F)F)cnc23)nc1,-6.39,0.3274,0.7266,0.9187,low (out-of-domain),1.9219994082,LOW (out-of-domain)
CC(=O)Nc1ccc(OCCN2CCCn3c2nc2c3c(=O)n(C)c(=O)n2C)cc1,-6.62,0.3102,0.6611,0.9297,in-domain,1.9091612627999999,reliable-ADMET (docking pose-plausible hypothesis)
C#CCN(CC(=C)F)C(=O)[C@@]1(c2ccc3c(c2)OCCO3)C[C@H]1CN,-6.22,0.7559,0.7967,0.4024,in-domain,1.8919632751999997,reliable-ADMET (docking pose-plausible hypothesis)
O=C(O)CCC[C@H](O)[C@@H](/C=C\CCCCCCCCc1ccccc1)Sc1ccc(C(=O)O)cc1,-5.68,0.6835,0.1164,0.4747,in-domain,1.842918316,reliable-ADMET (docking pose-plausible hypothesis)
COc1cc(-c2cc(/C=C/c3ccc(O)cc3)n[nH]2)ccc1O,-6.54,0.296,0.687,0.9397,in-domain,1.819108848,reliable-ADMET (docking pose-plausible hypothesis)
CCOC(=O)[C@H]1C[C@]12C(=O)Nc1ccc(-c3ccco3)cc12,-6.72,0.5302,0.8844,0.5102,in-domain,1.8178140288,reliable-ADMET (docking pose-plausible hypothesis)
Cc1cc(NC(=O)c2ccccc2Cl)ccc1NC(=O)c1ccccc1,-6.88,0.2617,0.6719,0.9836,in-domain,1.7709678655999999,reliable-ADMET (docking pose-plausible hypothesis)
CCCn1c(=O)c2nc(-c3ccc(OCC(=O)NCCNC)cc3)[nH]c2n(CCC)c1=O,-5.99,0.3427,0.3821,0.8584,low (out-of-domain),1.7621003432000002,LOW (out-of-domain)
CC1(C)OC[C@H](Cn2cc(-c3ccc([N+](=O)[O-])cc3)nn2)O1,-7.0,0.3648,0.6334,0.6831,in-domain,1.7443641600000004,reliable-ADMET (docking pose-plausible hypothesis)
COc1ccc(/C=C/C(=O)NCCNc2ccnc3cc(Cl)ccc23)cc1OC,-5.88,0.3039,0.4301,0.9715,in-domain,1.736004438,reliable-ADMET (docking pose-plausible hypothesis)
c1cc2cc(CNc3nc(NCC4CC4)nc4ccsc34)ccc2o1,-7.67,0.2439,0.5192,0.8988,low (out-of-domain),1.6813968444,LOW (out-of-domain)
Cc1ccc2c(c1)c(-c1ccc[nH]c1=O)c(C(=O)NS(=O)(=O)C(C)C)n2Cc1cc(F)ccc1F,-6.99,0.2759,0.4172,0.8552,in-domain,1.6492882631999999,reliable-ADMET (docking pose-plausible hypothesis)
O=C(COC(=O)/C=C/c1cccc(C(F)(F)F)c1)Nc1cccc2ccccc12,-6.59,0.2544,0.4824,0.9796,in-domain,1.6422954816,reliable-ADMET (docking pose-plausible hypothesis)
O=C1C2=Cc3ccccc3OCC2=NN1c1cccc(Cl)c1,-7.1,0.3079,0.8085,0.7494,in-domain,1.638255846,reliable-ADMET (docking pose-plausible hypothesis)
C#CCN(Cc1ccc2nc(C)nc(O)c2c1)c1cccc(C)c1,-6.81,0.2553,0.7471,0.9264,low (out-of-domain),1.6106325552,LOW (out-of-domain)
O=C(Nc1cccc(NC(=O)c2ccccc2Br)c1)c1ccccc1,-7.61,0.2154,0.6566,0.9823,in-domain,1.6101802662,reliable-ADMET (docking pose-plausible hypothesis)
COc1cc2c(Oc3ccc(NC(=O)c4cn(-c5ccc(F)c(F)c5)nn4)cc3F)ccnc2cc1OCCCN1CCCCC1,-6.63,0.2823,0.1639,0.851,in-domain,1.5927732989999999,reliable-ADMET (docking pose-plausible hypothesis)
N[C@H](CNc1nc(-c2ccncc2)nc2c(Nc3ncccn3)csc12)Cc1ccccc1,-7.08,0.3277,0.3185,0.6668,low (out-of-domain),1.5470533488,LOW (out-of-domain)
CCOC(=O)C(=O)c1cc2cc(Cl)ccc2n1S(=O)(=O)c1cc(Cl)ccc1N,-6.17,0.3105,0.281,0.799,in-domain,1.530712215,reliable-ADMET (docking pose-plausible hypothesis)
CC(=O)NC(C)c1ccc2sc(-c3ccc(Oc4cccc(OCC5CC5)c4)nc3)nc2c1,-6.79,0.2386,0.3427,0.9354,low (out-of-domain),1.5154359276000002,LOW (out-of-domain)
COc1cc(N2CCN(C)CC2)ccc1Nc1nc(N)n(C(=O)NCc2c(Cl)cccc2Cl)n1,-6.95,0.2364,0.4673,0.9146,in-domain,1.502669508,reliable-ADMET (docking pose-plausible hypothesis)
CC(C)CN(Cc1ccc2c(c1)C=CC(C)(C)O2)S(=O)(=O)c1nccs1,-5.92,0.2789,0.7401,0.9078,low (out-of-domain),1.4988576864,LOW (out-of-domain)
Cc1ccc2c(c1)OC(N)=C1C(=O)N(CCc3ccc(Cl)cc3Cl)C(=O)CC12,-8.32,0.2743,0.7682,0.6449,in-domain,1.4717753024,reliable-ADMET (docking pose-plausible hypothesis)
COc1ccc(OCC(=O)Sc2ccc(C)cc2)cc1,-5.34,0.281,0.7859,0.9763,in-domain,1.464977202,reliable-ADMET (docking pose-plausible hypothesis)
CC(C)C(=O)Nc1ccc(N2CCN(CC(O)(Cn3cncn3)c3ccc(F)cc3F)CC2)c(F)c1,-5.93,0.2532,0.4927,0.9597,in-domain,1.4409665172,reliable-ADMET (docking pose-plausible hypothesis)
CC(=O)NC12C=CC(=O)C=CC1c1c(cc(O)c(O)c1O)CC2C,-6.96,0.7603,0.5862,0.2674,low (out-of-domain),1.4149973712000001,LOW (out-of-domain)
CNc1nc(NCc2ccc(Cl)cc2Cl)cc(-c2ccccn2)n1,-7.13,0.1999,0.7016,0.9648,in-domain,1.3751168975999999,reliable-ADMET (docking pose-plausible hypothesis)
O=C1OCc2c1cc1cc(OCc3cccc(C4(O)CCOCC4)c3)ccc1c2-c1ccccc1Cl,-7.89,0.2562,0.3208,0.6728,low (out-of-domain),1.3600100303999998,LOW (out-of-domain)
CC1(C)CC2=NNC(=O)c3cccc4c3c2c(n4CCN2CCOCC2)C1,-7.4,0.3127,0.9074,0.5811,in-domain,1.3446537779999999,reliable-ADMET (docking pose-plausible hypothesis)
CS/C(=N\c1cccc(C2CN3CCSC3=N2)c1)Nc1cccc(Cl)c1,-6.49,0.3178,0.5609,0.6479,low (out-of-domain),1.3363080038000004,LOW (out-of-domain)
CCOC(=O)c1cc(-c2ccccc2)sc1NC(=O)C(C)N1C(=O)NC(C)(c2ccc(Cl)cc2)C1=O,-6.66,0.2572,0.332,0.7569,in-domain,1.2965333688,reliable-ADMET (docking pose-plausible hypothesis)
COc1ccc(C(=O)C[n+]2c(C)n(C(F)F)c3ccccc32)cc1,-6.57,0.2528,0.5295,0.7638,in-domain,1.2685923648000001,reliable-ADMET (docking pose-plausible hypothesis)
C=C(C)[C@@H]1CC[C@]2(COC(C)=O)CC[C@]3(C)[C@H](CC[C@@H]4[C@@]5(C)CC(N=[N+]=[N-])C(=O)C(C)(C)[C@@H]5CC[C@]43C)[C@@H]12,-6.69,0.613,0.1226,0.2937,low (out-of-domain),1.2044548890000002,LOW (out-of-domain)
O=C(NCc1noc(-c2nn(CCn3ccnc3)c3ccccc23)n1)c1ccccc1,-6.99,0.1818,0.44,0.9477,low (out-of-domain),1.2043201013999998,LOW (out-of-domain)
COc1ccc(NC(=O)c2cc(-c3cccc(C)c3)nc3ccccc23)c(C)c1,-7.8,0.1515,0.4867,0.9747,in-domain,1.15180299,reliable-ADMET (docking pose-plausible hypothesis)
CCCCc1nc(Cl)c(C(=O)O)n1Cc1ccc2oc(-c3ccccc3-c3nn[nH]n3)c(C(F)(F)F)c2c1,-6.56,0.2839,0.237,0.6113,in-domain,1.1384753391999998,reliable-ADMET (docking pose-plausible hypothesis)
Cc1ccccc1NC(=O)CSc1nnc(-c2ccco2)c(-c2ccco2)n1,-6.96,0.1673,0.4851,0.9753,in-domain,1.1356471224,reliable-ADMET (docking pose-plausible hypothesis)
CC(C)(C)NS(=O)(=O)c1ccc(-c2sc(C(=O)NC3CS(=O)(=O)C3)nc2CC2CCCCC2)c2ccccc12,-6.19,0.3207,0.4124,0.5352,in-domain,1.0624431816,reliable-ADMET (docking pose-plausible hypothesis)
COc1cc2ccnc(Nc3ccc(Br)cc3)c2cc1OC,-6.35,0.1713,0.7296,0.9759,in-domain,1.0615401045,reliable-ADMET (docking pose-plausible hypothesis)
CN(Cc1cc2c3c(c1)c(=O)c(C(=O)NCc1ccc(Cl)cc1)cn3CC(=O)N2C)CC(O)c1cc2ccccc2o1,-7.44,0.2709,0.2786,0.4886,in-domain,0.9847713455999998,reliable-ADMET (docking pose-plausible hypothesis)
COC(=O)C1=C(C)N=C(C)/C(=C(/O)OC)N1c1cccc(NC(=O)NCCCN2CCC(c3cccc(OC)c3)CC2)c1,-6.01,0.2824,0.197,0.5511,in-domain,0.9353401464,reliable-ADMET (docking pose-plausible hypothesis)
C[C@@H]1C[C@H](C)[C@H]2c3c(ccn(O)c3=O)O[C@H](C)[C@@]2(C)C1,-6.97,0.4886,0.7416,0.2744,low (out-of-domain),0.9344807247999998,LOW (out-of-domain)
C[C@]12CC[C@H]3[C@@H](CC(=O)C45CC4CC[C@]35C)C1=CC=C2c1cccnc1,-7.86,0.5327,0.6986,0.2084,in-domain,0.8725753848,reliable-ADMET (docking pose-plausible hypothesis)
Cn1cc(-c2cnn3c(N)c(CCO)c(C4CCCNC4)nc23)cn1,-6.76,0.3424,0.6453,0.3753,low (out-of-domain),0.8686783872,LOW (out-of-domain)
Cc1cc(F)ccc1[C@H]1C[C@@]2(CCN1C(=O)N(C)[C@H](C)c1cc(C(F)(F)F)cc(C(F)(F)F)c1)CC[C@]1(C)COCCN12,-7.26,0.35,0.3317,0.2934,low (out-of-domain),0.7455294,LOW (out-of-domain)
CO[C@@]1(C)C[C@@H]2OCC3=CCCC[C@]32O1,-5.03,0.5494,0.6196,0.259,low (out-of-domain),0.7157418380000001,LOW (out-of-domain)
CN(C)c1ccc(C(c2ccc(C(=O)NCCCOP(=O)(O)O[C@@H]3[C@H](O)[C@H](O)[C@@H](OP(=O)(O)O)[C@H](OP(=O)(O)O)[C@H]3O)cc2)c2ccc(N(C)C)cc2)cc1,-5.78,0.2224,0.0531,0.5518,in-domain,0.7093234495999999,reliable-ADMET (docking pose-plausible hypothesis)
O=C(c1cccs1)[C@@H]1[C@@H]2C(=O)N(Cc3ccc4c(c3)OCO4)C(=O)[C@@H]2C2c3ccccc3C=CN21,-7.61,0.2669,0.4135,0.3376,in-domain,0.6857023984000001,reliable-ADMET (docking pose-plausible hypothesis)
C#CCOC(=O)[C@]12CC[C@@H](C(=C)C)[C@@H]1[C@H]1CC[C@@H]3[C@@]4(C)CC[C@H](O)[C@@](C)(CO)[C@@H]4CC[C@@]3(C)[C@]1(C)CC2,-6.13,0.7936,0.2703,0.1329,low (out-of-domain),0.6465276671999999,LOW (out-of-domain)
CO[C@@]12C[C@@H]3[C@H]([C@@H]1NC(=O)N2)N(C)C(=O)c1ccc(Br)n13,-6.43,0.5932,0.7779,0.1448,low (out-of-domain),0.5523071648,LOW (out-of-domain)
O=C(Cc1cccc2ccccc12)N/N=C/c1cccs1,-6.91,0.0726,0.5796,0.9896,low (out-of-domain),0.49644867359999995,LOW (out-of-domain)
COc1ccc(C2C(=O)C(c3ccc4c(c3)CCCC4)N=C3SCCC(=O)N32)cc1OC,-6.66,0.3404,0.696,0.2136,in-domain,0.4842448704,reliable-ADMET (docking pose-plausible hypothesis)
CC[C@H]1[C@H](/C=C/c2ccc(-c3ccccc3C)cn2)[C@@H]2[C@@H](C)OC(=O)[C@@H]2C[C@@H]1C,-6.19,0.5459,0.6084,0.1372,low (out-of-domain),0.46361540120000005,LOW (out-of-domain)
C[C@@H]1CN([C@H](C)CO)C(=O)c2cc(NC(=O)Nc3cccc4ccccc34)ccc2O[C@@H]1CN(C)Cc1ccc(C(=O)Nc2ccccc2N)cc1,-5.43,0.2514,0.1022,0.3261,in-domain,0.44515976220000003,reliable-ADMET (docking pose-plausible hypothesis)
Cc1cc(O)c2c3c(ccc2c1)C(=O)c1c(O)cccc1C3=O,-7.78,0.0726,0.5223,0.7566,in-domain,0.4273488648,reliable-ADMET (docking pose-plausible hypothesis)
CN(C)c1ccc(-c2nnc(S)n2-c2ccccc2)cc1,-5.5,0.0741,0.7531,0.9648,low (out-of-domain),0.39320424,LOW (out-of-domain)
CC(=O)[C@@]12O[C@@H]1C[C@H]1[C@H]3CC=C4[C@@H](CC[C@@H](O)C4(C)C)[C@]3(C)C(=O)C[C@@]12C,-7.1,0.6069,0.5653,0.0614,low (out-of-domain),0.264571986,LOW (out-of-domain)
COc1c(O)cc2oc3cc4c(c(O)c3c(=O)c2c1C/C=C(\C)CCC=C(C)C)C=CC(C)(C)O4,-6.37,0.1987,0.3009,0.1552,low (out-of-domain),0.1964395888,LOW (out-of-domain)
Oc1cc(O)cc(C2c3c(/C=C/c4ccc(O)c(O)c4)cc(O)cc3OC2c2ccc(O)c(O)c2)c1,-7.82,0.2108,0.1562,0.1168,in-domain,0.19253966079999998,reliable-ADMET (docking pose-plausible hypothesis)
