DRUG_NAME,target_str,pathway_name,median_auc,mean_auc,n_cell_lines,median_ic50,targets,gbm_top20_hits,gbm_any_hits,n_gbm_top20,n_gbm_any,efficacy_score,target_score,mechanism_diversity,selectivity_score,novelty_score,is_pareto,efficacy_score_rank,target_score_rank,selectivity_score_rank,composite_rank
Lestaurtinib,"FLT3, JAK2, NTRK1, NTRK2, NTRK3","Other, kinases",0.823788,0.8220487,50,0.4501265,"['FLT3', 'JAK2', 'NTRK1', 'NTRK2', 'NTRK3']",[],"['FLT3', 'JAK2', 'NTRK1']",0,3,0.17621200000000004,3,1.0,0.42370859266814404,,True,14.0,9.0,9.0,32.0
Cediranib,"VEGFR, FLT1, FLT2, FLT3, FLT4, KIT, PDGFRB",RTK signaling,0.851208,0.8392464,50,2.011306,"['VEGFR', 'FLT1', 'FLT2', 'FLT3', 'FLT4', 'KIT', 'PDGFRB']",[],"['FLT1', 'FLT3', 'FLT4', 'KIT', 'PDGFRB']",0,5,0.14879200000000004,5,1.0,0.21421938230526294,,True,19.0,2.0,18.0,39.0
Sepantronium bromide,BIRC5,Apoptosis regulation,0.15197,0.15916114,50,-4.709545,['BIRC5'],[],['BIRC5'],0,1,0.8480300000000001,1,1.0,0.6609820011296182,,True,1.0,41.0,3.0,45.0
Foretinib,"MET, KDR, TIE2, VEGFR3/FLT4, RON, PDGFR, FGFR1, EGFR",RTK signaling,0.729878,0.7184204285714286,49,0.924064,"['MET', 'KDR', 'TIE2', 'VEGFR3/FLT4', 'RON', 'PDGFR', 'FGFR1', 'EGFR']","['FGFR1', 'EGFR']","['MET', 'KDR', 'FGFR1', 'EGFR']",2,4,0.270122,8,1.0,0.06808703119882765,,True,5.0,1.0,41.0,47.0
Dinaciclib,"CDK1, CDK2, CDK5, CDK9",Cell cycle,0.600203,0.6161523191489362,47,-2.602771,"['CDK1', 'CDK2', 'CDK5', 'CDK9']",[],"['CDK1', 'CDK2']",0,2,0.39979699999999996,2,1.0,0.10559411220825654,,True,2.0,21.0,31.0,54.0
MK-1775,"WEE1, PLK1",Cell cycle,0.784096,0.7601234705882354,51,1.41325,"['WEE1', 'PLK1']",[],"['WEE1', 'PLK1']",0,2,0.21590399999999998,2,1.0,0.15409195214991475,,True,12.0,21.0,23.0,56.0
Wee1 Inhibitor,"WEE1, CHEK1",Cell cycle,0.8441000000000001,0.83616664,50,2.258274,"['WEE1', 'CHEK1']",[],"['WEE1', 'CHEK1']",0,2,0.15589999999999993,2,1.0,0.1888761200047038,,False,17.0,21.0,19.0,57.0
AZ960,"JAK2, JAK3","Other, kinases",0.777339,0.7773509574468085,47,1.367782,"['JAK2', 'JAK3']",[],"['JAK2', 'JAK3']",0,2,0.222661,2,1.0,0.1081663977554333,,True,8.0,21.0,30.0,59.0
BI-2536,"PLK1, PLK2, PLK3",Cell cycle,0.7820965,0.7712272400000001,50,-0.8985655,"['PLK1', 'PLK2', 'PLK3']",[],"['PLK1', 'PLK2']",0,2,0.21790350000000003,2,1.0,0.11031586514267833,,True,9.0,21.0,29.0,59.0
AZD7762,"CHEK1, CHEK2",Cell cycle,0.7333565,0.7256397199999999,50,0.5361965,"['CHEK1', 'CHEK2']",[],['CHEK1'],0,1,0.26664350000000003,1,1.0,0.25127528639068286,,False,6.0,41.0,16.0,63.0
Romidepsin,"HDAC1, HDAC2, HDAC3, HDAC8",Chromatin histone acetylation,0.7825,0.7851160666666667,30,-5.452132000000001,"['HDAC1', 'HDAC2', 'HDAC3', 'HDAC8']",[],"['HDAC1', 'HDAC2', 'HDAC3', 'HDAC8']",0,4,0.21750000000000003,4,1.0,0.05815324278948051,,False,11.0,5.0,47.0,63.0
Crizotinib,"MET, ALK, ROS1",RTK signaling,0.917726,0.9100044901960784,51,2.948328,"['MET', 'ALK', 'ROS1']",[],"['MET', 'ALK']",0,2,0.08227399999999996,2,1.0,0.6849349156378953,,True,41.0,21.0,2.0,64.0
Alisertib,AURKA,Mitosis,0.842598,0.8046037450980392,51,1.833604,['AURKA'],[],['AURKA'],0,1,0.15740200000000004,1,1.0,0.4016636910081558,,False,16.0,41.0,11.0,68.0
ZM447439,"AURKA, AURKB",Mitosis,0.862034,0.8666525199999999,50,2.440474,"['AURKA', 'AURKB']",[],['AURKA'],0,1,0.13796600000000003,1,1.0,0.4717092472047004,,False,23.0,41.0,6.0,70.0
Dasatinib,"ABL, SRC, Ephrins, PDGFR, KIT","Other, kinases",0.857542,0.832934411764706,51,0.484216,"['ABL', 'SRC', 'EPHRINS', 'PDGFR', 'KIT']",[],"['SRC', 'KIT']",0,2,0.14245799999999997,2,1.0,0.07568332839636661,,False,21.0,21.0,37.0,79.0
JQ1,"BRD2, BRD3, BRD4, BRDT",Chromatin other,0.8764625,0.84540006,50,2.5381315,"['BRD2', 'BRD3', 'BRD4', 'BRDT']",[],['BRD4'],0,1,0.12353749999999997,1,1.0,0.2732998622402431,,False,28.0,41.0,15.0,84.0
PD173074,"FGFR1, FGFR2, FGFR3",RTK signaling,0.948137,0.9347548823529412,51,3.846847,"['FGFR1', 'FGFR2', 'FGFR3']",['FGFR1'],"['FGFR1', 'FGFR2', 'FGFR3']",1,3,0.05186299999999999,5,1.0,0.09882476590347718,,False,51.0,2.0,32.0,85.0
BIBR-1532,TERT,Genome integrity,0.97298,0.9688387142857143,49,5.272711,['TERT'],['TERT'],['TERT'],1,1,0.027020000000000044,3,1.0,1.0,,True,75.0,9.0,1.0,85.0
Sabutoclax,"BCL2,  BCL-XL,  BFL1, MCL1",Apoptosis regulation,0.658729,0.6355255319148937,47,0.120289,"['BCL2', 'BCL-XL', 'BFL1', 'MCL1']",[],['MCL1'],0,1,0.341271,1,1.0,0.06464759105991469,,False,3.0,41.0,42.0,86.0
Obatoclax Mesylate,"BCL2, BCL-XL, BCL-W, MCL1",Apoptosis regulation,0.6967355,0.6843987352941177,34,0.570811,"['BCL2', 'BCL-XL', 'BCL-W', 'MCL1']",[],['MCL1'],0,1,0.30326450000000005,1,1.0,0.06464759105991469,,False,4.0,41.0,42.0,87.0
Tozasertib,"AURKA, AURKB, AURKC, others",Mitosis,0.919657,0.8881768823529412,17,2.458364,"['AURKA', 'AURKB', 'AURKC', 'OTHERS']",[],['AURKA'],0,1,0.08034300000000005,1,1.0,0.4315296485076541,,False,42.0,41.0,8.0,91.0
AZD1332,"NTRK1, NTRK2, NTRK3",RTK signaling,0.9235985,0.9088220666666668,30,3.562887,"['NTRK1', 'NTRK2', 'NTRK3']",[],['NTRK1'],0,1,0.07640150000000001,1,1.0,0.4338779853964512,,False,43.0,41.0,7.0,91.0
TW 37,"BCL2, BCL-XL, MCL1",Apoptosis regulation,0.82159,0.8143912777777778,18,1.1961465,"['BCL2', 'BCL-XL', 'MCL1']",[],['MCL1'],0,1,0.17840999999999996,1,1.0,0.06464759105991469,,False,13.0,41.0,42.0,96.0
JAK_8517,"JAK1, JAK2","Other, kinases",0.8650625000000001,0.8625490333333333,30,2.6063210000000003,"['JAK1', 'JAK2']",[],"['JAK1', 'JAK2']",0,2,0.13493749999999993,2,1.0,0.04392112814648481,,False,24.0,21.0,51.0,96.0
PLX-4720,BRAF,ERK MAPK signaling,0.9411645,0.93421612,50,4.0253125,['BRAF'],['BRAF'],['BRAF'],1,1,0.05883550000000004,3,1.0,0.07358324656642176,,False,49.0,9.0,38.0,96.0
AZD4547,"FGFR1, FGFR2, FGFR3",RTK signaling,0.9613565,0.9482016799999999,50,2.934817,"['FGFR1', 'FGFR2', 'FGFR3']",['FGFR1'],"['FGFR1', 'FGFR2', 'FGFR3']",1,3,0.03864350000000005,5,1.0,0.09882476590347718,,False,62.0,2.0,32.0,96.0
RO-3306,CDK1,Cell cycle,0.928775,0.9180180980392156,51,3.676188,['CDK1'],[],['CDK1'],0,1,0.07122499999999998,1,1.0,0.2839678832324064,,False,45.0,41.0,14.0,100.0
MK-8776,"CHEK1, CHEK2, CDK2",Cell cycle,0.958282,0.943795081632653,49,3.797157,"['CHEK1', 'CHEK2', 'CDK2']",[],"['CHEK1', 'CDK2']",0,2,0.04171800000000003,2,1.0,0.1837609741778133,,False,58.0,21.0,21.0,100.0
Sorafenib,"PDGFR, KIT, VEGFR, RAF","Other, kinases",0.897435,0.8911397999999999,50,2.9876215000000004,"['PDGFR', 'KIT', 'VEGFR', 'RAF']",[],['KIT'],0,1,0.10256500000000002,1,1.0,0.1156002543205595,,False,36.0,41.0,27.0,104.0
GDC0810,"ESR1, ESR2",Hormone-related,0.9764115,0.97176326,50,5.594809,"['ESR1', 'ESR2']",[],"['ESR1', 'ESR2']",0,2,0.023588500000000012,2,1.0,0.5210353970491619,,False,81.0,21.0,5.0,107.0
Afatinib,"EGFR, ERBB2",EGFR signaling,0.893779,0.8919368235294117,51,2.380186,"['EGFR', 'ERBB2']",['EGFR'],"['EGFR', 'ERBB2']",1,2,0.10622100000000001,4,1.0,0.033660146073663424,,False,33.0,5.0,70.0,108.0
Palbociclib,"CDK4, CDK6",Cell cycle,0.953559,0.9461900980392157,51,3.954819,"['CDK4', 'CDK6']",[],"['CDK4', 'CDK6']",0,2,0.046440999999999955,2,1.0,0.07737998895720116,,False,53.0,21.0,34.0,108.0
Axitinib,"PDGFR, KIT, VEGFR",RTK signaling,0.911402,0.8839702156862745,51,3.218955,"['PDGFR', 'KIT', 'VEGFR']",[],['KIT'],0,1,0.08859799999999995,1,1.0,0.1156002543205595,,False,40.0,41.0,27.0,108.0
Tamoxifen,ESR1,Hormone-related,0.9586325,0.95418908,50,4.5258015,['ESR1'],[],['ESR1'],0,1,0.0413675,1,1.0,0.4058573330302932,,False,59.0,41.0,10.0,110.0
Talazoparib,"PARP1, PARP2",Genome integrity,0.888262,0.8574522,50,3.1740885,"['PARP1', 'PARP2']",[],"['PARP1', 'PARP2']",0,2,0.111738,2,1.0,0.03606397421127781,,False,32.0,21.0,60.0,113.0
Bromosporine,"CECR2, BRD2, BRD4, BRD9",Chromatin other,0.947291,0.9395602000000001,30,2.4962685000000002,"['CECR2', 'BRD2', 'BRD4', 'BRD9']",[],['BRD4'],0,1,0.052709000000000006,1,1.0,0.12429062722656031,,False,50.0,41.0,25.0,116.0
Temsirolimus,MTOR,PI3K/MTOR signaling,0.8788,0.867093224489796,49,0.532379,['MTOR'],[],['MTOR'],0,1,0.12119999999999997,1,1.0,0.0632089276289383,,False,31.0,41.0,45.0,117.0
AZD5438,CDK2,Cell cycle,0.875487,0.8694318666666666,30,2.6447615,['CDK2'],[],['CDK2'],0,1,0.12451299999999998,1,1.0,0.048732349752074175,,False,27.0,41.0,50.0,118.0
Erlotinib,EGFR,EGFR signaling,0.956013,0.954164,50,3.6327309999999997,['EGFR'],['EGFR'],['EGFR'],1,1,0.043987,3,1.0,0.042037472202721506,,False,55.0,9.0,55.0,119.0
Sapitinib,"EGFR, ERBB2, ERBB3",EGFR signaling,0.96666,0.9641075098039216,51,4.533001,"['EGFR', 'ERBB2', 'ERBB3']",['EGFR'],"['EGFR', 'ERBB2']",1,2,0.033340000000000036,4,1.0,0.048865133518679195,,False,65.0,5.0,49.0,119.0
PCI-34051,"HDAC8, HDAC6, HDAC1",Chromatin histone acetylation,0.96629,0.9632228510638298,47,4.986868,"['HDAC8', 'HDAC6', 'HDAC1']",[],"['HDAC8', 'HDAC6', 'HDAC1']",0,3,0.03371000000000002,3,1.0,0.058864914588177476,,False,64.0,9.0,46.0,119.0
Ibrutinib,BTK,"Other, kinases",0.967028,0.956504,47,4.899756,['BTK'],[],['BTK'],0,1,0.032972,1,1.0,0.2879052446258887,,False,66.0,41.0,13.0,120.0
GSK2276186C,"JAK1, JAK2, JAK3","Other, kinases",0.9729975,0.9679207333333333,30,5.2863240000000005,"['JAK1', 'JAK2', 'JAK3']",[],"['JAK1', 'JAK2', 'JAK3']",0,3,0.02700250000000004,3,1.0,0.07684822298755355,,False,76.0,9.0,36.0,121.0
Dabrafenib,BRAF,ERK MAPK signaling,0.972796,0.956141918367347,49,4.958742,['BRAF'],['BRAF'],['BRAF'],1,1,0.027204000000000006,3,1.0,0.07358324656642176,,False,74.0,9.0,38.0,121.0
Osimertinib,EGFR,EGFR signaling,0.9579964999999999,0.95566406,50,2.3362445000000003,['EGFR'],['EGFR'],['EGFR'],1,1,0.04200350000000008,3,1.0,0.042037472202721506,,False,57.0,9.0,55.0,121.0
Motesanib,"VEGFR, RET, KIT, PDGFR",RTK signaling,0.982438,0.9771124400000001,50,5.806548,"['VEGFR', 'RET', 'KIT', 'PDGFR']",[],"['RET', 'KIT']",0,2,0.017561999999999967,2,1.0,0.34935194670603037,,False,90.0,21.0,12.0,123.0
Lapatinib,"EGFR, ERBB2",EGFR signaling,0.937062,0.9286108235294118,51,3.868198,"['EGFR', 'ERBB2']",['EGFR'],"['EGFR', 'ERBB2']",1,2,0.06293800000000005,4,1.0,0.033660146073663424,,False,48.0,5.0,70.0,123.0
Bicalutamide,AR,Hormone-related,0.963468,0.9644513529411763,17,4.916578,['AR'],[],['AR'],0,1,0.03653200000000001,1,1.0,0.18762799747452716,,False,63.0,41.0,20.0,124.0
AZD5153,BRD4,Chromatin other,0.8476714999999999,0.8164526,30,2.280645,['BRD4'],[],['BRD4'],0,1,0.1523285000000001,1,1.0,0.03430990767203845,,False,18.0,41.0,67.0,126.0
LMP744,TOP1,DNA replication,0.738936,0.7332282666666666,30,-0.1600475,['TOP1'],[],['TOP1'],0,1,0.26106399999999996,1,1.0,0.021781485954753318,,False,7.0,41.0,78.0,126.0
GW441756,NTRK1,RTK signaling,0.977255,0.9732055882352941,51,3.982066,['NTRK1'],[],['NTRK1'],0,1,0.022745000000000015,1,1.0,0.5710348836644907,,False,83.0,41.0,4.0,128.0
PAK_5339,"PAK1, PAK2",Cytoskeleton,0.8243775,0.8094791333333333,30,2.9431985000000003,"['PAK1', 'PAK2']",[],['PAK1'],0,1,0.17562250000000001,1,1.0,0.03294211476074239,,False,15.0,41.0,73.0,129.0
Topotecan,TOP1,DNA replication,0.782289,0.7735164666666667,30,0.3179355,['TOP1'],[],['TOP1'],0,1,0.217711,1,1.0,0.021781485954753318,,False,10.0,41.0,78.0,129.0
Olaparib,"PARP1, PARP2",Genome integrity,0.951884,0.9514017450980393,51,4.55643,"['PARP1', 'PARP2']",[],"['PARP1', 'PARP2']",0,2,0.04811600000000005,2,1.0,0.03606397421127781,,False,52.0,21.0,60.0,133.0
AZD3759,EGFR,EGFR signaling,0.971628,0.9697744509803922,51,2.921327,['EGFR'],['EGFR'],['EGFR'],1,1,0.028371999999999953,3,1.0,0.042037472202721506,,False,71.0,9.0,55.0,135.0
OTX015,"BRD2, BRD3, BRD4",Chromatin other,0.8771985,0.8576285652173913,46,2.600295,"['BRD2', 'BRD3', 'BRD4']",[],['BRD4'],0,1,0.12280150000000001,1,1.0,0.03485859619230892,,False,30.0,41.0,65.0,136.0
SB590885,BRAF,ERK MAPK signaling,0.9821295000000001,0.97840788,50,5.22916,['BRAF'],['BRAF'],['BRAF'],1,1,0.0178704999999999,3,1.0,0.07358324656642176,,False,89.0,9.0,38.0,136.0
Ribociclib,"CDK4, CDK6",Cell cycle,0.977112,0.9713748823529411,51,3.912863,"['CDK4', 'CDK6']",[],"['CDK4', 'CDK6']",0,2,0.02288800000000002,2,1.0,0.07737998895720116,,False,82.0,21.0,34.0,137.0
GSK343,EZH2,Chromatin histone methylation,0.976054,0.9673265949367089,79,3.651553,['EZH2'],[],['EZH2'],0,1,0.023946000000000023,1,1.0,0.22999556108567107,,False,80.0,41.0,17.0,138.0
Afuresertib,"AKT1, AKT2, AKT3",PI3K/MTOR signaling,0.8585475,0.8541447200000001,50,2.450766,"['AKT1', 'AKT2', 'AKT3']",[],['AKT1'],0,1,0.14145249999999998,1,1.0,0.028631273909515666,,False,22.0,41.0,75.0,138.0
Savolitinib,MET,RTK signaling,0.972371,0.96524592,50,3.0001645,['MET'],[],['MET'],0,1,0.027629000000000015,1,1.0,0.13982024709034066,,False,73.0,41.0,24.0,138.0
Camptothecin,TOP1,DNA replication,0.852784,0.8386265294117647,51,-2.329898,['TOP1'],[],['TOP1'],0,1,0.147216,1,1.0,0.021781485954753318,,False,20.0,41.0,78.0,139.0
AZD5363,"AKT1, AKT2, AKT3, ROCK2","Other, kinases",0.8740775000000001,0.87008118,50,2.7068000000000003,"['AKT1', 'AKT2', 'AKT3', 'ROCK2']",[],['AKT1'],0,1,0.12592249999999994,1,1.0,0.03316610706828949,,False,26.0,41.0,72.0,139.0
Bosutinib,"SRC, ABL, TEC","Other, kinases",0.974766,0.9676681,50,3.757258,"['SRC', 'ABL', 'TEC']",[],['SRC'],0,1,0.02523399999999998,1,1.0,0.1706111515200845,,False,77.0,41.0,22.0,140.0
MIRA-1,TP53,p53 pathway,0.977528,0.9741355098039216,51,5.355976,['TP53'],['TP53'],['TP53'],1,1,0.022472000000000047,3,1.0,0.049385520659197935,,False,84.0,9.0,48.0,141.0
Niraparib,"PARP1, PARP2",Genome integrity,0.959067,0.9503134680851063,47,4.801648,"['PARP1', 'PARP2']",[],"['PARP1', 'PARP2']",0,2,0.040933,2,1.0,0.03606397421127781,,False,60.0,21.0,60.0,141.0
Gefitinib,EGFR,EGFR signaling,0.9748815,0.9727388600000001,50,3.7577645,['EGFR'],['EGFR'],['EGFR'],1,1,0.025118500000000044,3,1.0,0.042037472202721506,,False,78.0,9.0,55.0,142.0
SN-38,TOP1,DNA replication,0.865587,0.7251127843137255,51,-3.522875,['TOP1'],[],['TOP1'],0,1,0.134413,1,1.0,0.021781485954753318,,False,25.0,41.0,78.0,144.0
Entinostat,"HDAC1, HDAC3",Chromatin histone acetylation,0.899405,0.8881758085106384,47,2.954214,"['HDAC1', 'HDAC3']",[],"['HDAC1', 'HDAC3']",0,2,0.10059499999999999,2,1.0,0.014376142623977007,,False,37.0,21.0,86.0,144.0
Ruxolitinib,"JAK1, JAK2","Other, kinases",0.971823,0.966619829787234,47,5.118862,"['JAK1', 'JAK2']",[],"['JAK1', 'JAK2']",0,2,0.028177000000000008,2,1.0,0.04392112814648481,,False,72.0,21.0,51.0,144.0
Irinotecan,TOP1,DNA replication,0.8768845000000001,0.8760431,50,2.449432,['TOP1'],[],['TOP1'],0,1,0.12311549999999993,1,1.0,0.021781485954753318,,False,29.0,41.0,78.0,148.0
I-BET-762,"BRD2, BRD3, BRD4",Chromatin other,0.925115,0.9141946382978724,47,3.406954,"['BRD2', 'BRD3', 'BRD4']",[],['BRD4'],0,1,0.07488499999999998,1,1.0,0.03485859619230892,,False,44.0,41.0,65.0,150.0
Rucaparib,"PARP1, PARP2",Genome integrity,0.969796,0.9661585599999999,50,4.335846,"['PARP1', 'PARP2']",[],"['PARP1', 'PARP2']",0,2,0.03020400000000001,2,1.0,0.03606397421127781,,False,69.0,21.0,60.0,150.0
Uprosertib,"AKT1, AKT2, AKT3",PI3K/MTOR signaling,0.895934,0.8902997901234568,81,2.882766,"['AKT1', 'AKT2', 'AKT3']",[],['AKT1'],0,1,0.10406599999999999,1,1.0,0.028631273909515666,,False,35.0,41.0,75.0,151.0
KU-55933,ATM,Genome integrity,0.978867,0.9733348039215687,51,5.446067,['ATM'],[],['ATM'],0,1,0.021132999999999957,1,1.0,0.12352892491541358,,False,86.0,41.0,26.0,153.0
CHIR-99021,"GSK3A, GSK3B",WNT signaling,0.968182,0.9589959411764707,17,5.049647,"['GSK3A', 'GSK3B']",[],['GSK3B'],0,1,0.03181800000000001,1,1.0,0.0425622278796753,,False,67.0,41.0,53.0,161.0
Ipatasertib,"AKT1, AKT, AKT3",PI3K/MTOR signaling,0.9311265,0.9200731000000001,50,3.531165,"['AKT1', 'AKT', 'AKT3']",[],['AKT1'],0,1,0.06887350000000003,1,1.0,0.03000988185298594,,False,46.0,41.0,74.0,161.0
PFI-1,BRD4,Chromatin other,0.955306,0.949434294117647,51,4.399234,['BRD4'],[],['BRD4'],0,1,0.04469400000000001,1,1.0,0.03430990767203845,,False,54.0,41.0,67.0,162.0
MK-2206,"AKT1, AKT2",PI3K/MTOR signaling,0.90764,0.8946592745098039,51,3.228937,"['AKT1', 'AKT2']",[],['AKT1'],0,1,0.09236,1,1.0,0.021488788535809728,,False,38.0,41.0,83.0,162.0
UMI-77,MCL1,Apoptosis regulation,0.895246,0.8856896060606061,33,2.782544,['MCL1'],[],['MCL1'],0,1,0.10475400000000001,1,1.0,0.004629286719502259,,False,34.0,41.0,88.0,163.0
AT13148,AKT1,PI3K/MTOR signaling,0.907849,0.8909696470588235,51,3.023535,['AKT1'],[],['AKT1'],0,1,0.09215099999999998,1,1.0,0.01710351904904434,,False,39.0,41.0,85.0,165.0
Veliparib,"PARP1, PARP2",Genome integrity,0.9787885000000001,0.9746777,50,5.5040195,"['PARP1', 'PARP2']",[],"['PARP1', 'PARP2']",0,2,0.02121149999999994,2,1.0,0.03606397421127781,,False,85.0,21.0,60.0,166.0
SB216763,"GSK3A, GSK3B",WNT signaling,0.975273,0.9721144117647059,51,5.537945,"['GSK3A', 'GSK3B']",[],['GSK3B'],0,1,0.024727000000000054,1,1.0,0.0425622278796753,,False,79.0,41.0,53.0,173.0
RVX-208,BRD4,Chromatin other,0.969343,0.9627669999999999,47,5.039631,['BRD4'],[],['BRD4'],0,1,0.030657000000000045,1,1.0,0.03430990767203845,,False,68.0,41.0,67.0,176.0
MIM1,MCL1,Apoptosis regulation,0.932015,0.9308005757575757,33,4.164884,['MCL1'],[],['MCL1'],0,1,0.06798499999999996,1,1.0,0.004629286719502259,,False,47.0,41.0,88.0,176.0
GSK2110183B,"AKT1, AKT2, AKT3",PI3K/MTOR signaling,0.95948,0.9545006666666667,30,3.66904,"['AKT1', 'AKT2', 'AKT3']",[],['AKT1'],0,1,0.04052,1,1.0,0.028631273909515666,,False,61.0,41.0,75.0,177.0
JAK1_8709,JAK1,"Other, kinases",0.9567105,0.9555498,30,4.6443475,['JAK1'],[],['JAK1'],0,1,0.04328949999999998,1,1.0,0.014211873451794038,,False,56.0,41.0,87.0,184.0
PFI3,"Polybromo 1, SMARCA4, SMARCA2",Chromatin other,0.979126,0.9764050851063829,47,5.831753,"['POLYBROMO 1', 'SMARCA4', 'SMARCA2']",[],['SMARCA4'],0,1,0.020873999999999948,1,1.0,0.03897586997413109,,False,87.0,41.0,59.0,187.0
LY2109761,TGFB1,Other,0.971253,0.9674083617021276,47,4.867134,['TGFB1'],[],['TGFB1'],0,1,0.028746999999999967,1,1.0,0.018016248854842182,,False,70.0,41.0,84.0,195.0
AZD5991,MCL1,Apoptosis regulation,0.9799605,0.9602077,30,5.7213555,['MCL1'],[],['MCL1'],0,1,0.020039499999999988,1,1.0,0.004629286719502259,,False,88.0,41.0,88.0,217.0
