gene_a,gene_b,score,source
FLT3,FLT3LG,0.999,STRING_v12
FLT3,KITLG,0.983,STRING_v12
FLT3,CEBPA,0.981,STRING_v12
FLT3,GRB2,0.972,STRING_v12
FLT3,STAT3,0.971,STRING_v12
FLT3,STAT5A,0.97,STRING_v12
FLT3,STAT5B,0.97,STRING_v12
FLT3,SPI1,0.965,STRING_v12
FLT3,PIK3CA,0.958,STRING_v12
FLT3,PIK3R1,0.956,STRING_v12
FLT3,NPM1,0.943,STRING_v12
FLT3,PIK3CD,0.94,STRING_v12
FLT3,PIK3CB,0.93,STRING_v12
FLT3,PIK3R2,0.922,STRING_v12
FLT3,PIK3R3,0.92,STRING_v12
FLT3,PTPRJ,0.905,STRING_v12
FLT3,CSF1,0.9,STRING_v12
FLT3,NRAS,0.9,STRING_v12
FLT3,PTPN11,0.889,STRING_v12
FLT3,FGF2,0.881,STRING_v12
FLT3,CD34,0.88,STRING_v12
FLT3,SOCS2,0.874,STRING_v12
FLT3,IL3,0.867,STRING_v12
FLT3,KRAS,0.865,STRING_v12
FLT3,ASXL1,0.861,STRING_v12
FLT3,EGF,0.86,STRING_v12
FLT3,CBL,0.852,STRING_v12
FLT3,TET2,0.852,STRING_v12
FLT3,DNMT3A,0.851,STRING_v12
FLT3,VEGFC,0.842,STRING_v12
FLT3,SLAMF1,0.839,STRING_v12
FLT3,VEGFD,0.839,STRING_v12
FLT3,RUNX1,0.828,STRING_v12
FLT3,IL7R,0.826,STRING_v12
FLT3,CDKN1B,0.823,STRING_v12
FLT3,IDH1,0.814,STRING_v12
FLT3,CSF2,0.813,STRING_v12
FLT3,FGF10,0.806,STRING_v12
FLT3,FGF6,0.805,STRING_v12
FLT3,FGF22,0.804,STRING_v12
FLT3,FGF4,0.803,STRING_v12
FLT3,FGF16,0.801,STRING_v12
FLT3,FGF20,0.801,STRING_v12
FLT3,FGF9,0.8,STRING_v12
FLT3,FGF7,0.798,STRING_v12
FLT3,ETV6,0.798,STRING_v12
FLT3,CD48,0.797,STRING_v12
FLT3,IDH2,0.797,STRING_v12
FLT3,FGF3,0.796,STRING_v12
FLT3,SLA,0.796,STRING_v12
IDH1,ACO1,0.998,STRING_v12
IDH1,ACO2,0.998,STRING_v12
IDH1,IDH3G,0.996,STRING_v12
IDH1,CS,0.993,STRING_v12
IDH1,OGDH,0.99,STRING_v12
IDH1,IDH3B,0.988,STRING_v12
IDH1,IDH3A,0.987,STRING_v12
IDH1,OGDHL,0.981,STRING_v12
IDH1,GLUD1,0.973,STRING_v12
IDH1,MDH2,0.97,STRING_v12
IDH1,GLUD2,0.963,STRING_v12
IDH1,IDH2,0.961,STRING_v12
IDH1,FH,0.957,STRING_v12
IDH1,GOT2,0.952,STRING_v12
IDH1,ACLY,0.935,STRING_v12
IDH1,MGMT,0.934,STRING_v12
IDH1,GOT1,0.929,STRING_v12
IDH1,TET2,0.914,STRING_v12
IDH1,ASXL1,0.899,STRING_v12
IDH1,D2HGDH,0.895,STRING_v12
IDH1,ALDH5A1,0.891,STRING_v12
IDH1,GPT,0.89,STRING_v12
IDH1,ATRX,0.888,STRING_v12
IDH1,SDHB,0.887,STRING_v12
IDH1,NADK,0.886,STRING_v12
IDH1,GOT1L1,0.883,STRING_v12
IDH1,GPT2,0.879,STRING_v12
IDH1,PGD,0.877,STRING_v12
IDH1,ASL,0.875,STRING_v12
IDH1,IREB2,0.867,STRING_v12
IDH1,ADSL,0.86,STRING_v12
IDH1,SUCLG1,0.856,STRING_v12
IDH1,SUCLA2,0.854,STRING_v12
IDH1,SDHA,0.852,STRING_v12
IDH1,NFE2L2,0.849,STRING_v12
IDH1,TP53,0.845,STRING_v12
IDH1,PTEN,0.841,STRING_v12
IDH1,LDHA,0.826,STRING_v12
IDH1,NIT2,0.825,STRING_v12
IDH1,RIMKLB,0.816,STRING_v12
IDH1,DLST,0.815,STRING_v12
IDH1,FLT3,0.814,STRING_v12
IDH1,IL4I1,0.814,STRING_v12
IDH1,HSD17B4,0.813,STRING_v12
IDH1,H6PD,0.801,STRING_v12
IDH1,NPM1,0.8,STRING_v12
IDH1,BRAF,0.799,STRING_v12
IDH1,DNMT3A,0.797,STRING_v12
IDH1,EGFR,0.795,STRING_v12
IDH1,SUCLG2,0.784,STRING_v12
IDH2,ACO2,0.998,STRING_v12
IDH2,IDH3G,0.998,STRING_v12
IDH2,ACO1,0.998,STRING_v12
IDH2,IDH3B,0.997,STRING_v12
IDH2,IDH3A,0.997,STRING_v12
IDH2,CS,0.994,STRING_v12
IDH2,OGDH,0.991,STRING_v12
IDH2,MDH2,0.985,STRING_v12
IDH2,OGDHL,0.983,STRING_v12
IDH2,GLUD1,0.972,STRING_v12
IDH2,IDH1,0.961,STRING_v12
IDH2,GOT2,0.96,STRING_v12
IDH2,GLUD2,0.959,STRING_v12
IDH2,FH,0.934,STRING_v12
IDH2,D2HGDH,0.933,STRING_v12
IDH2,SIRT3,0.921,STRING_v12
IDH2,GOT1,0.916,STRING_v12
IDH2,ACLY,0.9,STRING_v12
IDH2,NNT,0.898,STRING_v12
IDH2,ALDH5A1,0.894,STRING_v12
IDH2,MGMT,0.893,STRING_v12
IDH2,GPT,0.892,STRING_v12
IDH2,SDHB,0.885,STRING_v12
IDH2,GOT1L1,0.885,STRING_v12
IDH2,GPT2,0.883,STRING_v12
IDH2,L2HGDH,0.881,STRING_v12
IDH2,NADK,0.881,STRING_v12
IDH2,ASL,0.88,STRING_v12
IDH2,SUCLG1,0.878,STRING_v12
IDH2,TET2,0.871,STRING_v12
IDH2,SDHA,0.869,STRING_v12
IDH2,IREB2,0.864,STRING_v12
IDH2,ADSL,0.858,STRING_v12
IDH2,SUCLA2,0.857,STRING_v12
IDH2,DLST,0.823,STRING_v12
IDH2,LDHA,0.82,STRING_v12
IDH2,NIT2,0.82,STRING_v12
IDH2,ASXL1,0.818,STRING_v12
IDH2,RIMKLB,0.816,STRING_v12
IDH2,G6PD,0.816,STRING_v12
IDH2,IL4I1,0.815,STRING_v12
IDH2,SIRT5,0.811,STRING_v12
IDH2,GPI,0.806,STRING_v12
IDH2,PGD,0.805,STRING_v12
IDH2,H6PD,0.803,STRING_v12
IDH2,SUCLG2,0.798,STRING_v12
IDH2,FLT3,0.797,STRING_v12
IDH2,DHTKD1,0.796,STRING_v12
IDH2,SOD2,0.794,STRING_v12
IDH2,DNMT3A,0.793,STRING_v12
DNMT3A,H3-3B,0.999,STRING_v12
DNMT3A,EZH2,0.999,STRING_v12
DNMT3A,H3C12,0.999,STRING_v12
DNMT3A,H3C13,0.999,STRING_v12
DNMT3A,DNMT1,0.999,STRING_v12
DNMT3A,DNMT3L,0.999,STRING_v12
DNMT3A,H3-4,0.998,STRING_v12
DNMT3A,H3-2,0.998,STRING_v12
DNMT3A,H3-5,0.998,STRING_v12
DNMT3A,DNMT3B,0.998,STRING_v12
DNMT3A,HDAC1,0.997,STRING_v12
DNMT3A,SUV39H1,0.996,STRING_v12
DNMT3A,SETDB1,0.996,STRING_v12
DNMT3A,EHMT2,0.993,STRING_v12
DNMT3A,MPHOSPH8,0.993,STRING_v12
DNMT3A,MYC,0.991,STRING_v12
DNMT3A,H4C6,0.974,STRING_v12
DNMT3A,HDAC2,0.97,STRING_v12
DNMT3A,UHRF1,0.967,STRING_v12
DNMT3A,H3C1,0.964,STRING_v12
DNMT3A,SMARCA4,0.957,STRING_v12
DNMT3A,TCL1A,0.952,STRING_v12
DNMT3A,MECP2,0.949,STRING_v12
DNMT3A,TET2,0.946,STRING_v12
DNMT3A,TRIM28,0.942,STRING_v12
DNMT3A,SPI1,0.939,STRING_v12
DNMT3A,ASXL1,0.939,STRING_v12
DNMT3A,AHCY,0.937,STRING_v12
DNMT3A,TDG,0.933,STRING_v12
DNMT3A,MAT2B,0.932,STRING_v12
DNMT3A,H3-3A,0.931,STRING_v12
DNMT3A,MAT2A,0.931,STRING_v12
DNMT3A,TRDMT1,0.926,STRING_v12
DNMT3A,PRMT5,0.924,STRING_v12
DNMT3A,MAT1A,0.924,STRING_v12
DNMT3A,H3C6,0.923,STRING_v12
DNMT3A,H3C3,0.922,STRING_v12
DNMT3A,MBD2,0.92,STRING_v12
DNMT3A,AHCYL1,0.915,STRING_v12
DNMT3A,KMT5B,0.915,STRING_v12
DNMT3A,TLE3,0.914,STRING_v12
DNMT3A,H3C2,0.914,STRING_v12
DNMT3A,AHCYL2,0.913,STRING_v12
DNMT3A,H3C4,0.912,STRING_v12
DNMT3A,H3C14,0.91,STRING_v12
DNMT3A,H3C8,0.91,STRING_v12
DNMT3A,H3C15,0.91,STRING_v12
DNMT3A,H3C11,0.91,STRING_v12
DNMT3A,H3C10,0.909,STRING_v12
DNMT3A,H3C7,0.909,STRING_v12
NPM1,NCL,0.999,STRING_v12
NPM1,CDKN2A,0.999,STRING_v12
NPM1,TP53,0.997,STRING_v12
NPM1,ALK,0.994,STRING_v12
NPM1,AGO2,0.992,STRING_v12
NPM1,HJURP,0.983,STRING_v12
NPM1,H4C6,0.98,STRING_v12
NPM1,RPL5,0.976,STRING_v12
NPM1,CTCF,0.975,STRING_v12
NPM1,MDM2,0.974,STRING_v12
NPM1,PARP1,0.97,STRING_v12
NPM1,RBBP4,0.96,STRING_v12
NPM1,NPM3,0.953,STRING_v12
NPM1,CENPA,0.953,STRING_v12
NPM1,FLT3,0.943,STRING_v12
NPM1,SURF6,0.943,STRING_v12
NPM1,RARA,0.938,STRING_v12
NPM1,SENP3,0.933,STRING_v12
NPM1,NOP2,0.924,STRING_v12
NPM1,HNRNPA1,0.923,STRING_v12
NPM1,FBL,0.921,STRING_v12
NPM1,GRB2,0.919,STRING_v12
NPM1,RPL4,0.914,STRING_v12
NPM1,GNL2,0.904,STRING_v12
NPM1,ASXL1,0.897,STRING_v12
NPM1,MYC,0.896,STRING_v12
NPM1,ATIC,0.879,STRING_v12
NPM1,RBBP7,0.874,STRING_v12
NPM1,HSPD1,0.872,STRING_v12
NPM1,SENP5,0.871,STRING_v12
NPM1,DDX21,0.871,STRING_v12
NPM1,APEX1,0.871,STRING_v12
NPM1,NSUN2,0.867,STRING_v12
NPM1,RUVBL1,0.862,STRING_v12
NPM1,NUMA1,0.858,STRING_v12
NPM1,HSPA4,0.857,STRING_v12
NPM1,TFAP2A,0.856,STRING_v12
NPM1,BRCA2,0.856,STRING_v12
NPM1,PA2G4,0.856,STRING_v12
NPM1,RUNX1,0.854,STRING_v12
NPM1,RPL37A,0.852,STRING_v12
NPM1,EML4,0.851,STRING_v12
NPM1,MYBBP1A,0.85,STRING_v12
NPM1,BCL2A1,0.849,STRING_v12
NPM1,IRS1,0.848,STRING_v12
NPM1,TPM3,0.846,STRING_v12
NPM1,RAN,0.845,STRING_v12
NPM1,EEF1G,0.845,STRING_v12
NPM1,EEF1A1,0.842,STRING_v12
NPM1,NPM2,0.84,STRING_v12
KIT,KITLG,0.999,STRING_v12
KIT,GRB2,0.998,STRING_v12
KIT,PIK3R1,0.995,STRING_v12
KIT,CLEC11A,0.993,STRING_v12
KIT,PTPN11,0.99,STRING_v12
KIT,PIK3CA,0.986,STRING_v12
KIT,NRAS,0.981,STRING_v12
KIT,KRAS,0.976,STRING_v12
KIT,CXCL12,0.974,STRING_v12
KIT,EGF,0.973,STRING_v12
KIT,STAT5B,0.971,STRING_v12
KIT,PIK3R2,0.968,STRING_v12
KIT,SHC1,0.967,STRING_v12
KIT,HRAS,0.962,STRING_v12
KIT,PIK3CB,0.961,STRING_v12
KIT,STAT3,0.96,STRING_v12
KIT,STAT5A,0.959,STRING_v12
KIT,INS,0.958,STRING_v12
KIT,CBL,0.957,STRING_v12
KIT,CD34,0.956,STRING_v12
KIT,CRKL,0.952,STRING_v12
KIT,FLT3LG,0.95,STRING_v12
KIT,IL3,0.944,STRING_v12
KIT,PIK3CD,0.94,STRING_v12
KIT,SHC2,0.934,STRING_v12
KIT,GAB2,0.932,STRING_v12
KIT,PTPRU,0.932,STRING_v12
KIT,PIK3R3,0.932,STRING_v12
KIT,LYN,0.928,STRING_v12
KIT,SHC3,0.925,STRING_v12
KIT,HGF,0.925,STRING_v12
KIT,IL1RAP,0.923,STRING_v12
KIT,SHC4,0.921,STRING_v12
KIT,ANPEP,0.921,STRING_v12
KIT,CSF1,0.918,STRING_v12
KIT,GAB1,0.914,STRING_v12
KIT,PRKCA,0.912,STRING_v12
KIT,FGF7,0.911,STRING_v12
KIT,PTPRC,0.906,STRING_v12
KIT,CD33,0.898,STRING_v12
KIT,ANO1,0.892,STRING_v12
KIT,CRK,0.887,STRING_v12
KIT,GRB7,0.886,STRING_v12
KIT,PLCG1,0.886,STRING_v12
KIT,FGF2,0.885,STRING_v12
KIT,PDGFB,0.876,STRING_v12
KIT,SH2B3,0.875,STRING_v12
KIT,STAT1,0.874,STRING_v12
KIT,IGF1,0.86,STRING_v12
KIT,SOCS6,0.86,STRING_v12
TP53,SFN,0.999,STRING_v12
TP53,EP300,0.999,STRING_v12
TP53,HIF1A,0.999,STRING_v12
TP53,HDAC1,0.999,STRING_v12
TP53,HSP90AA1,0.999,STRING_v12
TP53,ATM,0.999,STRING_v12
TP53,MDM4,0.999,STRING_v12
TP53,CHEK2,0.999,STRING_v12
TP53,BCL2,0.999,STRING_v12
TP53,BCL2L1,0.999,STRING_v12
TP53,PPP1R13L,0.999,STRING_v12
TP53,DAXX,0.999,STRING_v12
TP53,SIRT1,0.999,STRING_v12
TP53,BRCA1,0.999,STRING_v12
TP53,CDKN1A,0.999,STRING_v12
TP53,TP53BP2,0.999,STRING_v12
TP53,UBE3A,0.999,STRING_v12
TP53,USP7,0.999,STRING_v12
TP53,CREBBP,0.999,STRING_v12
TP53,MDM2,0.999,STRING_v12
TP53,RPA1,0.999,STRING_v12
TP53,CDKN2A,0.999,STRING_v12
TP53,TP53BP1,0.999,STRING_v12
TP53,PTEN,0.999,STRING_v12
TP53,HIPK2,0.999,STRING_v12
TP53,RAD51,0.999,STRING_v12
TP53,RCHY1,0.998,STRING_v12
TP53,CREB1,0.998,STRING_v12
TP53,HTT,0.998,STRING_v12
TP53,NDN,0.998,STRING_v12
TP53,AURKA,0.998,STRING_v12
TP53,MAPK1,0.998,STRING_v12
TP53,CCNG1,0.998,STRING_v12
TP53,FOXO3,0.998,STRING_v12
TP53,HSPA9,0.998,STRING_v12
TP53,DNMT1,0.997,STRING_v12
TP53,JUN,0.997,STRING_v12
TP53,HSPA4,0.997,STRING_v12
TP53,DDX5,0.997,STRING_v12
TP53,CHEK1,0.997,STRING_v12
TP53,PRKDC,0.997,STRING_v12
TP53,MYC,0.997,STRING_v12
TP53,NPM1,0.997,STRING_v12
TP53,MAPK8,0.997,STRING_v12
TP53,TBP,0.997,STRING_v12
TP53,CCNA2,0.997,STRING_v12
TP53,HMGB1,0.997,STRING_v12
TP53,BAK1,0.997,STRING_v12
TP53,KAT5,0.996,STRING_v12
TP53,S100A4,0.996,STRING_v12
NRAS,BRAF,0.999,STRING_v12
NRAS,RAF1,0.999,STRING_v12
NRAS,PIK3CA,0.995,STRING_v12
NRAS,ARAF,0.994,STRING_v12
NRAS,NF1,0.994,STRING_v12
NRAS,SOS1,0.992,STRING_v12
NRAS,EGFR,0.991,STRING_v12
NRAS,PIK3CG,0.991,STRING_v12
NRAS,RALGDS,0.988,STRING_v12
NRAS,SHOC2,0.987,STRING_v12
NRAS,ALK,0.986,STRING_v12
NRAS,CDKN2A,0.984,STRING_v12
NRAS,RASA1,0.984,STRING_v12
NRAS,MAP2K1,0.983,STRING_v12
NRAS,FGFR3,0.981,STRING_v12
NRAS,KIT,0.981,STRING_v12
NRAS,FGFR2,0.977,STRING_v12
NRAS,AFDN,0.975,STRING_v12
NRAS,PLCE1,0.974,STRING_v12
NRAS,GNAQ,0.974,STRING_v12
NRAS,MAPK3,0.97,STRING_v12
NRAS,SRC,0.97,STRING_v12
NRAS,MAP2K2,0.968,STRING_v12
NRAS,PDGFRA,0.967,STRING_v12
NRAS,MET,0.966,STRING_v12
NRAS,SOS2,0.966,STRING_v12
NRAS,FGFR1,0.966,STRING_v12
NRAS,RIN1,0.966,STRING_v12
NRAS,IGF1R,0.96,STRING_v12
NRAS,RASSF1,0.96,STRING_v12
NRAS,CALM3,0.959,STRING_v12
NRAS,MAPK1,0.959,STRING_v12
NRAS,PDGFRB,0.959,STRING_v12
NRAS,CALML5,0.958,STRING_v12
NRAS,CALML3,0.958,STRING_v12
NRAS,RASA2,0.958,STRING_v12
NRAS,RGL2,0.957,STRING_v12
NRAS,RASSF5,0.957,STRING_v12
NRAS,PIK3R1,0.956,STRING_v12
NRAS,RGL1,0.956,STRING_v12
NRAS,CALML6,0.954,STRING_v12
NRAS,CALML4,0.954,STRING_v12
NRAS,RASGRP2,0.954,STRING_v12
NRAS,PIK3CD,0.954,STRING_v12
NRAS,EML4,0.953,STRING_v12
NRAS,RPS6KA1,0.952,STRING_v12
NRAS,PTPN11,0.952,STRING_v12
NRAS,RASGRP1,0.949,STRING_v12
NRAS,MAP3K1,0.949,STRING_v12
NRAS,PRKCE,0.948,STRING_v12
KRAS,RALGDS,0.999,STRING_v12
KRAS,BRAF,0.999,STRING_v12
KRAS,SOS1,0.999,STRING_v12
KRAS,RAF1,0.999,STRING_v12
KRAS,CALML5,0.998,STRING_v12
KRAS,CALML3,0.998,STRING_v12
KRAS,CALM3,0.998,STRING_v12
KRAS,CALML6,0.998,STRING_v12
KRAS,CALML4,0.998,STRING_v12
KRAS,PIK3CA,0.998,STRING_v12
KRAS,RGL1,0.997,STRING_v12
KRAS,EGFR,0.997,STRING_v12
KRAS,ARAF,0.996,STRING_v12
KRAS,NF1,0.996,STRING_v12
KRAS,MAP2K1,0.995,STRING_v12
KRAS,HRAS,0.992,STRING_v12
KRAS,CDKN2A,0.992,STRING_v12
KRAS,SRC,0.99,STRING_v12
KRAS,SHOC2,0.989,STRING_v12
KRAS,ALK,0.989,STRING_v12
KRAS,MAPK1,0.988,STRING_v12
KRAS,RASSF1,0.987,STRING_v12
KRAS,SOS2,0.985,STRING_v12
KRAS,MAPK3,0.982,STRING_v12
KRAS,BCL2L1,0.982,STRING_v12
KRAS,RASSF5,0.981,STRING_v12
KRAS,FGFR1,0.981,STRING_v12
KRAS,EML4,0.98,STRING_v12
KRAS,MET,0.979,STRING_v12
KRAS,PDGFRA,0.978,STRING_v12
KRAS,KIT,0.976,STRING_v12
KRAS,MAPKAP1,0.974,STRING_v12
KRAS,PIK3CD,0.974,STRING_v12
KRAS,FGFR2,0.973,STRING_v12
KRAS,PIK3CB,0.973,STRING_v12
KRAS,RASA1,0.971,STRING_v12
KRAS,IFNGR1,0.971,STRING_v12
KRAS,PLCE1,0.971,STRING_v12
KRAS,IGF1R,0.971,STRING_v12
KRAS,FGFR3,0.971,STRING_v12
KRAS,RIN1,0.969,STRING_v12
KRAS,PIK3CG,0.968,STRING_v12
KRAS,TIAM1,0.967,STRING_v12
KRAS,ERBB2,0.966,STRING_v12
KRAS,MAP2K2,0.966,STRING_v12
KRAS,PIK3R1,0.963,STRING_v12
KRAS,GNAQ,0.96,STRING_v12
KRAS,PDGFRB,0.959,STRING_v12
KRAS,LGALS3,0.959,STRING_v12
KRAS,RGL2,0.958,STRING_v12
RUNX1,RUNX1T1,0.999,STRING_v12
RUNX1,ETS1,0.999,STRING_v12
RUNX1,FOXP3,0.999,STRING_v12
RUNX1,CBFB,0.999,STRING_v12
RUNX1,HDAC1,0.998,STRING_v12
RUNX1,TAL1,0.996,STRING_v12
RUNX1,GATA2,0.996,STRING_v12
RUNX1,CEBPA,0.994,STRING_v12
RUNX1,SPI1,0.993,STRING_v12
RUNX1,EP300,0.989,STRING_v12
RUNX1,GATA3,0.989,STRING_v12
RUNX1,GATA1,0.989,STRING_v12
RUNX1,LMO2,0.988,STRING_v12
RUNX1,MECOM,0.988,STRING_v12
RUNX1,HDAC2,0.984,STRING_v12
RUNX1,CSF1R,0.983,STRING_v12
RUNX1,ETV6,0.983,STRING_v12
RUNX1,RUNX3,0.98,STRING_v12
RUNX1,CREBBP,0.977,STRING_v12
RUNX1,CBFA2T3,0.976,STRING_v12
RUNX1,TCF3,0.975,STRING_v12
RUNX1,PML,0.974,STRING_v12
RUNX1,TBX21,0.974,STRING_v12
RUNX1,CTBP1,0.973,STRING_v12
RUNX1,IL3,0.973,STRING_v12
RUNX1,CEBPB,0.972,STRING_v12
RUNX1,LEF1,0.963,STRING_v12
RUNX1,PTPN11,0.96,STRING_v12
RUNX1,PRMT1,0.96,STRING_v12
RUNX1,KAT6A,0.959,STRING_v12
RUNX1,SIN3A,0.952,STRING_v12
RUNX1,MPO,0.947,STRING_v12
RUNX1,HIF1A,0.945,STRING_v12
RUNX1,LDB1,0.944,STRING_v12
RUNX1,SRC,0.943,STRING_v12
RUNX1,CTBP2,0.942,STRING_v12
RUNX1,CSF2,0.941,STRING_v12
RUNX1,IKZF1,0.941,STRING_v12
RUNX1,MYB,0.936,STRING_v12
RUNX1,YAP1,0.936,STRING_v12
RUNX1,CDK6,0.929,STRING_v12
RUNX1,MYH11,0.922,STRING_v12
RUNX1,FLI1,0.921,STRING_v12
RUNX1,PAX5,0.92,STRING_v12
RUNX1,TCF12,0.911,STRING_v12
RUNX1,FOXO3,0.908,STRING_v12
RUNX1,CBFA2T2,0.907,STRING_v12
RUNX1,RARA,0.905,STRING_v12
RUNX1,LYL1,0.898,STRING_v12
RUNX1,RUNX2,0.897,STRING_v12
CEBPA,RUNX1,0.994,STRING_v12
CEBPA,CDK2,0.992,STRING_v12
CEBPA,PPARG,0.991,STRING_v12
CEBPA,CDK4,0.991,STRING_v12
CEBPA,SPI1,0.99,STRING_v12
CEBPA,CEBPB,0.99,STRING_v12
CEBPA,FLT3,0.981,STRING_v12
CEBPA,FOXO1,0.975,STRING_v12
CEBPA,RUNX1T1,0.961,STRING_v12
CEBPA,CDKN1A,0.956,STRING_v12
CEBPA,TRIB1,0.949,STRING_v12
CEBPA,LEP,0.943,STRING_v12
CEBPA,DDIT3,0.943,STRING_v12
CEBPA,ADIPOQ,0.942,STRING_v12
CEBPA,KLF5,0.941,STRING_v12
CEBPA,HDAC1,0.939,STRING_v12
CEBPA,GATA2,0.939,STRING_v12
CEBPA,CSF3R,0.936,STRING_v12
CEBPA,TP53,0.93,STRING_v12
CEBPA,PER2,0.929,STRING_v12
CEBPA,TNF,0.926,STRING_v12
CEBPA,PCBP2,0.925,STRING_v12
CEBPA,SLC2A4,0.922,STRING_v12
CEBPA,FABP4,0.914,STRING_v12
CEBPA,E2F1,0.913,STRING_v12
CEBPA,RARA,0.909,STRING_v12
CEBPA,MYC,0.904,STRING_v12
CEBPA,EP300,0.902,STRING_v12
CEBPA,GFI1,0.899,STRING_v12
CEBPA,CEBPE,0.893,STRING_v12
CEBPA,WNT10B,0.891,STRING_v12
CEBPA,JUN,0.886,STRING_v12
CEBPA,SMAD3,0.882,STRING_v12
CEBPA,EBF1,0.876,STRING_v12
CEBPA,STAT3,0.875,STRING_v12
CEBPA,LEF1,0.862,STRING_v12
CEBPA,FOS,0.859,STRING_v12
CEBPA,PPARGC1A,0.859,STRING_v12
CEBPA,TGFB1,0.85,STRING_v12
CEBPA,CREB1,0.831,STRING_v12
CEBPA,GATA1,0.83,STRING_v12
CEBPA,HNF4A,0.828,STRING_v12
CEBPA,HIF1A,0.826,STRING_v12
CEBPA,WNT1,0.822,STRING_v12
CEBPA,TAL1,0.821,STRING_v12
CEBPA,NPM1,0.813,STRING_v12
CEBPA,INS,0.811,STRING_v12
CEBPA,IL6R,0.809,STRING_v12
CEBPA,ETS1,0.806,STRING_v12
CEBPA,FOXA1,0.804,STRING_v12
TET2,HDAC2,0.989,STRING_v12
TET2,OGT,0.985,STRING_v12
TET2,EBF1,0.976,STRING_v12
TET2,ASXL1,0.975,STRING_v12
TET2,TET3,0.964,STRING_v12
TET2,NANOG,0.963,STRING_v12
TET2,DNMT3A,0.946,STRING_v12
TET2,CXXC5,0.946,STRING_v12
TET2,CXXC4,0.923,STRING_v12
TET2,SPI1,0.919,STRING_v12
TET2,JAK2,0.917,STRING_v12
TET2,IDH1,0.914,STRING_v12
TET2,HDAC1,0.882,STRING_v12
TET2,DNMT3L,0.88,STRING_v12
TET2,EZH2,0.875,STRING_v12
TET2,DNMT1,0.874,STRING_v12
TET2,IDH2,0.871,STRING_v12
TET2,RUNX1,0.869,STRING_v12
TET2,WT1,0.868,STRING_v12
TET2,TET1,0.86,STRING_v12
TET2,PRDM14,0.854,STRING_v12
TET2,DNMT3B,0.852,STRING_v12
TET2,FLT3,0.852,STRING_v12
TET2,SRSF2,0.841,STRING_v12
TET2,SH2B3,0.839,STRING_v12
TET2,DCAF1,0.833,STRING_v12
TET2,HCFC1,0.818,STRING_v12
TET2,PRMT5,0.813,STRING_v12
TET2,STAT5A,0.807,STRING_v12
TET2,U2AF1,0.8,STRING_v12
TET2,KLF4,0.795,STRING_v12
TET2,ETV6,0.794,STRING_v12
TET2,KIT,0.786,STRING_v12
TET2,SNIP1,0.782,STRING_v12
TET2,NPM1,0.776,STRING_v12
TET2,ZRSR2,0.774,STRING_v12
TET2,STAT5B,0.771,STRING_v12
TET2,NRAS,0.766,STRING_v12
TET2,TP53,0.755,STRING_v12
TET2,TDG,0.751,STRING_v12
TET2,SETBP1,0.748,STRING_v12
TET2,TCF3,0.728,STRING_v12
TET2,CEBPA,0.718,STRING_v12
TET2,STAG2,0.717,STRING_v12
TET2,CD34,0.71,STRING_v12
TET2,PHF6,0.706,STRING_v12
TET2,RELA,0.702,STRING_v12
GATA2,TAL1,0.999,STRING_v12
GATA2,LMO2,0.997,STRING_v12
GATA2,ZFPM1,0.996,STRING_v12
GATA2,RUNX1,0.996,STRING_v12
GATA2,LDB1,0.994,STRING_v12
GATA2,SPI1,0.993,STRING_v12
GATA2,LDB2,0.983,STRING_v12
GATA2,GATA1,0.976,STRING_v12
GATA2,MYB,0.945,STRING_v12
GATA2,CEBPA,0.939,STRING_v12
GATA2,FLI1,0.928,STRING_v12
GATA2,GFI1,0.924,STRING_v12
GATA2,LYL1,0.894,STRING_v12
GATA2,TCF3,0.861,STRING_v12
GATA2,JUN,0.854,STRING_v12
GATA2,GATA3,0.844,STRING_v12
GATA2,GFI1B,0.821,STRING_v12
GATA2,CBFB,0.813,STRING_v12
GATA2,LMO1,0.798,STRING_v12
GATA2,QRSL1,0.785,STRING_v12
GATA2,EP300,0.766,STRING_v12
GATA2,CD34,0.757,STRING_v12
GATA2,CPA3,0.752,STRING_v12
GATA2,HDAC3,0.75,STRING_v12
GATA2,TCF12,0.74,STRING_v12
GATA2,ETV2,0.734,STRING_v12
GATA2,HDC,0.734,STRING_v12
GATA2,DNMT3A,0.731,STRING_v12
GATA2,ETS1,0.729,STRING_v12
GATA2,KMT2A,0.726,STRING_v12
GATA2,MS4A2,0.723,STRING_v12
GATA2,CEBPB,0.719,STRING_v12
GATA2,KDR,0.713,STRING_v12
GATA2,SMAD4,0.713,STRING_v12
GATA2,KLF1,0.712,STRING_v12
GATA2,H3C12,0.703,STRING_v12
GATA2,H3-3B,0.702,STRING_v12
GATA2,H4C6,0.701,STRING_v12
SRSF2,SRSF3,0.999,STRING_v12
SRSF2,U2AF1,0.999,STRING_v12
SRSF2,TRA2B,0.998,STRING_v12
SRSF2,SRSF1,0.997,STRING_v12
SRSF2,U2AF2,0.996,STRING_v12
SRSF2,SRPK1,0.994,STRING_v12
SRSF2,SNRNP70,0.987,STRING_v12
SRSF2,SRSF9,0.98,STRING_v12
SRSF2,SRSF4,0.962,STRING_v12
SRSF2,SRSF7,0.961,STRING_v12
SRSF2,HNRNPA2B1,0.954,STRING_v12
SRSF2,FUS,0.95,STRING_v12
SRSF2,ZRSR2,0.943,STRING_v12
SRSF2,SRPK2,0.936,STRING_v12
SRSF2,HNRNPH1,0.935,STRING_v12
SRSF2,ALYREF,0.928,STRING_v12
SRSF2,SRSF6,0.927,STRING_v12
SRSF2,HNRNPK,0.924,STRING_v12
SRSF2,SRSF5,0.922,STRING_v12
SRSF2,HNRNPDL,0.922,STRING_v12
SRSF2,EIF4A3,0.919,STRING_v12
SRSF2,HNRNPH2,0.918,STRING_v12
SRSF2,SRSF11,0.912,STRING_v12
SRSF2,SF3B1,0.909,STRING_v12
SRSF2,DHX15,0.906,STRING_v12
SRSF2,HNRNPC,0.9,STRING_v12
SRSF2,NXF1,0.896,STRING_v12
SRSF2,SRRM1,0.894,STRING_v12
SRSF2,ASXL1,0.889,STRING_v12
SRSF2,MAGOH,0.883,STRING_v12
SRSF2,TFIP11,0.88,STRING_v12
SRSF2,HNRNPF,0.873,STRING_v12
SRSF2,HNRNPM,0.869,STRING_v12
SRSF2,PAPOLA,0.867,STRING_v12
SRSF2,SLU7,0.859,STRING_v12
SRSF2,PABPN1,0.859,STRING_v12
SRSF2,RUNX1,0.858,STRING_v12
SRSF2,TARDBP,0.854,STRING_v12
SRSF2,HNRNPD,0.851,STRING_v12
SRSF2,DHX38,0.845,STRING_v12
SRSF2,TET2,0.841,STRING_v12
SRSF2,CDC40,0.839,STRING_v12
SRSF2,CLK1,0.826,STRING_v12
SRSF2,EWSR1,0.825,STRING_v12
SRSF2,HNRNPA1,0.822,STRING_v12
SRSF2,SNRPA,0.82,STRING_v12
SRSF2,NCL,0.819,STRING_v12
SRSF2,PCBP1,0.818,STRING_v12
SRSF2,POLR2A,0.818,STRING_v12
SRSF2,NCBP1,0.816,STRING_v12
ASXL1,BAP1,0.999,STRING_v12
ASXL1,EZH2,0.998,STRING_v12
ASXL1,SUZ12,0.995,STRING_v12
ASXL1,FOXK1,0.987,STRING_v12
ASXL1,OGT,0.982,STRING_v12
ASXL1,TET2,0.975,STRING_v12
ASXL1,RBBP4,0.973,STRING_v12
ASXL1,HCFC1,0.967,STRING_v12
ASXL1,RNF2,0.945,STRING_v12
ASXL1,BMI1,0.944,STRING_v12
ASXL1,FOXK2,0.942,STRING_v12
ASXL1,DNMT3A,0.939,STRING_v12
ASXL1,EED,0.939,STRING_v12
ASXL1,EZH1,0.924,STRING_v12
ASXL1,RING1,0.92,STRING_v12
ASXL1,HDAC2,0.917,STRING_v12
ASXL1,AEBP2,0.917,STRING_v12
ASXL1,PCGF3,0.915,STRING_v12
ASXL1,PCGF1,0.915,STRING_v12
ASXL1,CBX7,0.914,STRING_v12
ASXL1,PCGF6,0.913,STRING_v12
ASXL1,PCGF2,0.912,STRING_v12
ASXL1,RBBP7,0.911,STRING_v12
ASXL1,PHC1,0.91,STRING_v12
ASXL1,UBAP2L,0.91,STRING_v12
ASXL1,CBX2,0.91,STRING_v12
ASXL1,CBX8,0.909,STRING_v12
ASXL1,KDM1B,0.909,STRING_v12
ASXL1,CBX6,0.908,STRING_v12
ASXL1,CBX4,0.907,STRING_v12
ASXL1,PCGF5,0.904,STRING_v12
ASXL1,PHC2,0.902,STRING_v12
ASXL1,SCML2,0.902,STRING_v12
ASXL1,PHC3,0.9,STRING_v12
ASXL1,IDH1,0.899,STRING_v12
ASXL1,NPM1,0.897,STRING_v12
ASXL1,SRSF2,0.889,STRING_v12
ASXL1,SH2B3,0.888,STRING_v12
ASXL1,U2AF1,0.881,STRING_v12
ASXL1,JAK2,0.881,STRING_v12
ASXL1,SETBP1,0.88,STRING_v12
ASXL1,RUNX1,0.875,STRING_v12
ASXL1,FLT3,0.861,STRING_v12
ASXL1,ASXL2,0.852,STRING_v12
ASXL1,ETV6,0.833,STRING_v12
ASXL1,YY1,0.833,STRING_v12
ASXL1,KDM6A,0.828,STRING_v12
ASXL1,ZRSR2,0.824,STRING_v12
ASXL1,IDH2,0.818,STRING_v12
ASXL1,KIF3B,0.811,STRING_v12
WT1,WTAP,0.997,STRING_v12
WT1,TP53,0.983,STRING_v12
WT1,NR5A1,0.969,STRING_v12
WT1,SRY,0.938,STRING_v12
WT1,NPHS1,0.935,STRING_v12
WT1,GATA4,0.935,STRING_v12
WT1,NPHS2,0.921,STRING_v12
WT1,SOX9,0.908,STRING_v12
WT1,NR0B1,0.907,STRING_v12
WT1,PAWR,0.906,STRING_v12
WT1,EWSR1,0.888,STRING_v12
WT1,TET2,0.868,STRING_v12
WT1,PAX2,0.856,STRING_v12
WT1,AMER1,0.849,STRING_v12
WT1,SYNPO,0.845,STRING_v12
WT1,KRT7,0.832,STRING_v12
WT1,AMH,0.828,STRING_v12
WT1,PLCE1,0.825,STRING_v12
WT1,EZH2,0.824,STRING_v12
WT1,CIAO1,0.816,STRING_v12
WT1,IGF2,0.812,STRING_v12
WT1,CALB2,0.804,STRING_v12
WT1,BASP1,0.796,STRING_v12
WT1,INF2,0.79,STRING_v12
WT1,NRAS,0.785,STRING_v12
WT1,ACTN4,0.785,STRING_v12
WT1,CD2AP,0.781,STRING_v12
WT1,PAX8,0.781,STRING_v12
WT1,PODXL,0.78,STRING_v12
WT1,POU6F2,0.771,STRING_v12
WT1,FOXD1,0.77,STRING_v12
WT1,FLT3,0.766,STRING_v12
WT1,PAX6,0.762,STRING_v12
WT1,KRAS,0.755,STRING_v12
WT1,ZFPM2,0.754,STRING_v12
WT1,LHX9,0.753,STRING_v12
WT1,TCF21,0.748,STRING_v12
WT1,SUZ12,0.738,STRING_v12
WT1,ESR1,0.736,STRING_v12
WT1,SIX2,0.735,STRING_v12
WT1,TBX18,0.731,STRING_v12
WT1,RUNX1,0.728,STRING_v12
WT1,HLA-A,0.724,STRING_v12
WT1,DNMT1,0.722,STRING_v12
WT1,NPM1,0.722,STRING_v12
WT1,ASXL1,0.715,STRING_v12
WT1,KRT20,0.714,STRING_v12
WT1,CITED2,0.711,STRING_v12
WT1,C17orf97,0.709,STRING_v12
WT1,TRPC6,0.703,STRING_v12
SF3B1,SF3A1,0.999,STRING_v12
SF3B1,U2AF2,0.999,STRING_v12
SF3B1,SNRPA1,0.999,STRING_v12
SF3B1,SF3A2,0.999,STRING_v12
SF3B1,PRPF8,0.999,STRING_v12
SF3B1,SF3B5,0.999,STRING_v12
SF3B1,SNRPG,0.999,STRING_v12
SF3B1,MFAP1,0.999,STRING_v12
SF3B1,PLRG1,0.999,STRING_v12
SF3B1,SF3B4,0.999,STRING_v12
SF3B1,DHX16,0.999,STRING_v12
SF3B1,RBMX2,0.999,STRING_v12
SF3B1,EFTUD2,0.999,STRING_v12
SF3B1,DDX42,0.999,STRING_v12
SF3B1,SF3A3,0.999,STRING_v12
SF3B1,SF3B6,0.999,STRING_v12
SF3B1,SF3B2,0.999,STRING_v12
SF3B1,PHF5A,0.999,STRING_v12
SF3B1,DDX46,0.999,STRING_v12
SF3B1,SF3B3,0.999,STRING_v12
SF3B1,SNIP1,0.999,STRING_v12
SF3B1,SNRPF,0.999,STRING_v12
SF3B1,SNRNP200,0.999,STRING_v12
SF3B1,SART1,0.999,STRING_v12
SF3B1,PRPF6,0.999,STRING_v12
SF3B1,CDC5L,0.999,STRING_v12
SF3B1,SNRPE,0.999,STRING_v12
SF3B1,CWC22,0.998,STRING_v12
SF3B1,PRPF3,0.998,STRING_v12
SF3B1,SNRPD2,0.998,STRING_v12
SF3B1,SNRPD1,0.998,STRING_v12
SF3B1,HTATSF1,0.998,STRING_v12
SF3B1,BUD13,0.998,STRING_v12
SF3B1,SNRPB2,0.998,STRING_v12
SF3B1,RNF113A,0.997,STRING_v12
SF3B1,PRPF31,0.997,STRING_v12
SF3B1,RBM17,0.997,STRING_v12
SF3B1,SNRPB,0.997,STRING_v12
SF3B1,LSM4,0.996,STRING_v12
SF3B1,PRPF19,0.996,STRING_v12
SF3B1,SNW1,0.996,STRING_v12
SF3B1,SRRM2,0.996,STRING_v12
SF3B1,PRPF4,0.996,STRING_v12
SF3B1,SNRPD3,0.996,STRING_v12
SF3B1,CRNKL1,0.995,STRING_v12
SF3B1,LSM2,0.995,STRING_v12
SF3B1,SNRPA,0.995,STRING_v12
SF3B1,CWC27,0.994,STRING_v12
SF3B1,LSM5,0.993,STRING_v12
SF3B1,SNRPC,0.993,STRING_v12
STAG2,SMC3,0.999,STRING_v12
STAG2,RAD21,0.999,STRING_v12
STAG2,PDS5A,0.999,STRING_v12
STAG2,SMC1A,0.999,STRING_v12
STAG2,WAPL,0.997,STRING_v12
STAG2,SMC1B,0.997,STRING_v12
STAG2,PDS5B,0.996,STRING_v12
STAG2,STAG1,0.996,STRING_v12
STAG2,REC8,0.993,STRING_v12
STAG2,ESPL1,0.987,STRING_v12
STAG2,CTCF,0.983,STRING_v12
STAG2,NIPBL,0.982,STRING_v12
STAG2,SGO2,0.981,STRING_v12
STAG2,RAD21L1,0.978,STRING_v12
STAG2,CDCA5,0.977,STRING_v12
STAG2,STAG3,0.958,STRING_v12
STAG2,SGO1,0.951,STRING_v12
STAG2,ESCO2,0.841,STRING_v12
STAG2,CTCFL,0.84,STRING_v12
STAG2,ESCO1,0.839,STRING_v12
STAG2,MAU2,0.827,STRING_v12
STAG2,NCOA3,0.822,STRING_v12
STAG2,PLK1,0.817,STRING_v12
STAG2,ZRSR2,0.794,STRING_v12
STAG2,EP300,0.794,STRING_v12
STAG2,SMC5,0.784,STRING_v12
STAG2,SRSF2,0.777,STRING_v12
STAG2,SMC4,0.772,STRING_v12
STAG2,ASXL1,0.771,STRING_v12
STAG2,SMC6,0.766,STRING_v12
STAG2,H4C6,0.762,STRING_v12
STAG2,U2AF1,0.742,STRING_v12
STAG2,PHF6,0.739,STRING_v12
STAG2,ATRX,0.73,STRING_v12
STAG2,KDM6A,0.722,STRING_v12
STAG2,TET2,0.717,STRING_v12
STAG2,H3C12,0.704,STRING_v12
U2AF1,U2AF2,0.999,STRING_v12
U2AF1,SRSF2,0.999,STRING_v12
U2AF1,SRSF1,0.997,STRING_v12
U2AF1,SF1,0.984,STRING_v12
U2AF1,SRSF3,0.966,STRING_v12
U2AF1,U2AF1L4,0.955,STRING_v12
U2AF1,HNRNPM,0.946,STRING_v12
U2AF1,RBM39,0.945,STRING_v12
U2AF1,SFPQ,0.943,STRING_v12
U2AF1,SRSF5,0.941,STRING_v12
U2AF1,SRPK1,0.933,STRING_v12
U2AF1,HNRNPA1,0.93,STRING_v12
U2AF1,SF3B1,0.927,STRING_v12
U2AF1,SF3A1,0.918,STRING_v12
U2AF1,SRSF7,0.917,STRING_v12
U2AF1,HNRNPC,0.916,STRING_v12
U2AF1,SF3A2,0.91,STRING_v12
U2AF1,DEK,0.907,STRING_v12
U2AF1,PRPF19,0.902,STRING_v12
U2AF1,SNRNP70,0.9,STRING_v12
U2AF1,SRPK2,0.895,STRING_v12
U2AF1,RNPS1,0.891,STRING_v12
U2AF1,PTBP1,0.886,STRING_v12
U2AF1,ASXL1,0.881,STRING_v12
U2AF1,SF3B2,0.879,STRING_v12
U2AF1,CPSF6,0.871,STRING_v12
U2AF1,DDX39B,0.87,STRING_v12
U2AF1,SRSF6,0.869,STRING_v12
U2AF1,ZRSR2,0.869,STRING_v12
U2AF1,U2AF1L5,0.867,STRING_v12
U2AF1,HNRNPH1,0.865,STRING_v12
U2AF1,PRPF4,0.86,STRING_v12
U2AF1,SRRM1,0.854,STRING_v12
U2AF1,HNRNPA2B1,0.848,STRING_v12
U2AF1,ALYREF,0.847,STRING_v12
U2AF1,RSRC1,0.845,STRING_v12
U2AF1,NKAP,0.84,STRING_v12
U2AF1,NCBP2,0.839,STRING_v12
U2AF1,TRA2B,0.838,STRING_v12
U2AF1,CTNNBL1,0.836,STRING_v12
U2AF1,HNRNPK,0.832,STRING_v12
U2AF1,SNRPD1,0.828,STRING_v12
U2AF1,RBM10,0.827,STRING_v12
U2AF1,LUC7L2,0.824,STRING_v12
U2AF1,PRPF8,0.817,STRING_v12
U2AF1,SF3A3,0.816,STRING_v12
U2AF1,PRPF40A,0.814,STRING_v12
U2AF1,SNRPD2,0.81,STRING_v12
U2AF1,DHX38,0.806,STRING_v12
U2AF1,HNRNPL,0.804,STRING_v12
BCOR,PCGF1,0.999,STRING_v12
BCOR,BCL6,0.999,STRING_v12
BCOR,RNF2,0.995,STRING_v12
BCOR,RING1,0.994,STRING_v12
BCOR,MLLT3,0.994,STRING_v12
BCOR,KDM2B,0.986,STRING_v12
BCOR,CBX8,0.971,STRING_v12
BCOR,RYBP,0.96,STRING_v12
BCOR,PCGF2,0.958,STRING_v12
BCOR,BMI1,0.958,STRING_v12
BCOR,CBX4,0.956,STRING_v12
BCOR,PHC1,0.956,STRING_v12
BCOR,YAF2,0.956,STRING_v12
BCOR,CBX2,0.942,STRING_v12
BCOR,PCGF6,0.932,STRING_v12
BCOR,PHC2,0.928,STRING_v12
BCOR,PHC3,0.928,STRING_v12
BCOR,CDC16,0.921,STRING_v12
BCOR,PCGF3,0.919,STRING_v12
BCOR,BRCC3,0.912,STRING_v12
BCOR,ANAPC4,0.909,STRING_v12
BCOR,ANAPC2,0.908,STRING_v12
BCOR,BABAM2,0.908,STRING_v12
BCOR,CDC27,0.907,STRING_v12
BCOR,CUL7,0.907,STRING_v12
BCOR,CDC23,0.906,STRING_v12
BCOR,BARD1,0.905,STRING_v12
BCOR,BRCA1,0.904,STRING_v12
BCOR,UBE2S,0.904,STRING_v12
BCOR,UBE2C,0.904,STRING_v12
BCOR,ANAPC11,0.903,STRING_v12
BCOR,ANAPC7,0.902,STRING_v12
BCOR,ANAPC1,0.902,STRING_v12
BCOR,ANAPC5,0.901,STRING_v12
BCOR,ANAPC10,0.901,STRING_v12
BCOR,ANAPC16,0.9,STRING_v12
BCOR,CDC26,0.9,STRING_v12
BCOR,ANAPC13,0.9,STRING_v12
BCOR,ANAPC15,0.9,STRING_v12
BCOR,SKP1,0.899,STRING_v12
BCOR,MLLT1,0.867,STRING_v12
BCOR,PCGF5,0.85,STRING_v12
BCOR,CBX7,0.833,STRING_v12
BCOR,USP7,0.782,STRING_v12
BCOR,BUB1B,0.754,STRING_v12
BCOR,BRCA2,0.729,STRING_v12
BCOR,RAD51,0.722,STRING_v12
