smiles,fitness,qed,mw,logp,sa_score,tpsa,similarity,lipinski_violations,generation,target,parent
Cc1ccc(OC2CCOC2)c(NC(=O)Nc2cnc(C#N)cn2)c1,0.8807,0.885,339.4,2.47,3.1,109.2,1.0,0,,,
N#Cc1cnc(NC(=O)Nc2cc(F)ccc2OC2CCOC2)cn1,0.8767,0.881,343.3,2.3,3.1,109.2,1.0,0,,,
N#Cc1ccc(OC2CCOCC2)c(NC(=O)Nc2cnc(C#N)cn2)c1,0.8371,0.851,364.4,2.42,3.4,132.9,1.0,0,,,
N#Cc1cnc(NC(=O)Nc2ccccc2OC2CCOC2)cn1,0.8021,0.891,325.3,2.16,3.0,109.2,0.8,0,1.0,CHEK1,N#Cc1cnc(NC(=O)Nc2cc(F)ccc2OC2CCOC2)cn1
NOc1ccc2c(c1)CCCN2S(=O)(=O)c1ccc(N2CCCC2=O)cc1,0.7991,0.812,387.5,2.21,3.4,92.9,1.0,0,,,
Cc1ccc(OC2CCOC2)c(OC(=O)Nc2cnc(C#N)cn2)c1,0.7925,0.911,340.3,2.44,3.1,106.4,0.75,0,1.0,CHEK1,Cc1ccc(OC2CCOC2)c(NC(=O)Nc2cnc(C#N)cn2)c1
O=C1CCCN1c1ccc(S(=O)(=O)N2CCCc3cc(OF)ccc32)cc1,0.7911,0.804,390.4,3.22,3.4,66.9,1.0,0,,,
O=C(O)c1cc(C(F)(F)F)c2cc3c(cc2n1)NC[C@H]1CCCC[C@H]31,0.7815,0.786,350.3,4.65,3.1,62.2,1.0,0,,,
CNN1CCN(S(=O)(=O)c2ccc(N3CCCC3=O)cc2)c2ccc(OC)cc21,0.7812,0.803,416.5,1.97,3.6,82.2,1.0,0,,,
O=C(O)c1cccc(-c2nc(N3CCOCC3)c3sccc3n2)c1.[H],0.7724,0.788,342.4,3.01,3.0,75.5,0.959,0,1.0,PIK3CA,Cl.O=C(O)c1cccc(-c2nc(N3CCOCC3)c3sccc3n2)c1
Cc1ccc(OC2CCOC2)c(CC(=O)Nc2cnc(C#N)cn2)c1,0.7692,0.895,338.4,2.01,3.1,97.1,0.727,0,1.0,CHEK1,Cc1ccc(OC2CCOC2)c(NC(=O)Nc2cnc(C#N)cn2)c1
O=C1CCCN1c1ccc(S(=O)(=O)N2CCCc3cc(O)ccc32)cc1,0.7669,0.898,372.4,2.66,3.2,77.9,0.725,0,2.0,MDM2,COc1ccc2c(c1)CCCN2S(=O)(=O)c1ccc(N2CCCC2=O)cc1
O=C(O)c1cc(CF)c2cc3c(cc2n1)NC[C@H]1CCCC[C@H]31,0.7643,0.876,314.4,4.1,2.9,62.2,0.745,0,2.0,AR,O=C(O)c1cc(C(F)F)c2cc3c(cc2n1)NC[C@H]1CCCC[C@H]31
C#Cc1cnc(NC(=O)Nc2cc(F)ccc2OC2CCOC2)cn1,0.7612,0.834,342.3,2.41,3.1,85.4,0.836,0,1.0,CHEK1,N#Cc1cnc(NC(=O)Nc2cc(F)ccc2OC2CCOC2)cn1
CNC(=O)c1cccc2[nH]c(-c3ccc(Cl)cc3)nc12,0.7593,0.759,285.7,3.24,2.5,57.8,1.0,0,,,
Oc1cccc(-c2nc(N3CCSCC3)c3sccc3n2)c1.[H],0.7585,0.776,330.5,3.73,2.8,49.3,0.956,0,1.0,PIK3CA,Cl.Oc1cccc(-c2nc(N3CCSCC3)c3sccc3n2)c1
Cl.NC(=O)c1cccc2[nH]c(-c3ccncc3)nc12,0.7507,0.751,274.7,2.15,2.4,84.7,1.0,0,,,
Cl.O=C(O)c1cccc(-c2nc(N3CCOCC3)c3sccc3n2)c1,0.7502,0.754,377.9,3.31,3.1,75.5,1.0,0,,,
Nc1cc(C(F)(F)F)c2cc3c(cc2n1)NC[C@H]1CCCC[C@H]31,0.749,0.749,321.3,4.54,2.9,50.9,1.0,0,,,
C#Cc1ccc(OC2CCOCC2)c(NC(=O)Nc2cnc(C#N)cn2)c1,0.7471,0.808,363.4,2.53,3.4,109.2,0.879,0,1.0,CHEK1,N#Cc1ccc(OC2CCOCC2)c(NC(=O)Nc2cnc(C#N)cn2)c1
N#Cc1ccc(OC2CCOCC2)c(OC(=O)Nc2cnc(C#N)cn2)c1,0.7469,0.874,365.3,2.39,3.4,130.2,0.738,0,3.0,CHEK1,C#Cc1ccc(OC2CCOCC2)c(OC(=O)Nc2cnc(C#N)cn2)c1
N#Cc1cnc(NC(=O)Oc2ccccc2OC2CCOC2)cn1,0.7431,0.917,326.3,2.13,3.0,106.4,0.621,0,2.0,CHEK1,Cc1ccc(OC2CCOC2)c(OC(=O)Nc2cnc(C#N)cn2)c1
CCc1cc(C(F)(F)F)c2cc3c(cc2n1)NC[C@H]1CCCC[C@H]31,0.7431,0.743,334.4,5.52,3.0,24.9,1.0,1,,,
Cl.Oc1cccc(-c2nc(N3CCSCC3)c3sccc3n2)c1,0.7423,0.742,365.9,4.04,2.9,49.3,1.0,0,,,
COc1ccc2c(c1)N(O)CCN2S(=O)(=O)c1ccc(N2CCCC2=O)cc1,0.7357,0.842,403.5,2.23,3.5,90.4,0.786,0,2.0,MDM2,COc1ccc2c(c1)N(N)CCN2S(=O)(=O)c1ccc(N2CCCC2=O)cc1
NCc1cc(C(F)(F)F)c2cc3c(cc2n1)NC[C@H]1CCCC[C@H]31,0.7334,0.811,335.4,4.41,3.0,50.9,0.808,0,1.0,AR,CCc1cc(C(F)(F)F)c2cc3c(cc2n1)NC[C@H]1CCCC[C@H]31
N#Cc1cnc(NC(=O)Oc2cc(F)ccc2OC2CCOC2)cn1,0.7317,0.906,344.3,2.27,3.1,106.4,0.623,0,2.0,CHEK1,Cc1ccc(OC2CCOC2)c(OC(=O)Nc2cnc(C#N)cn2)c1
OCc1cc(C(F)(F)F)c2cc3c(cc2n1)NC[C@H]1CCCC[C@H]31,0.7311,0.809,336.4,4.45,3.0,45.2,0.808,0,1.0,AR,CCc1cc(C(F)(F)F)c2cc3c(cc2n1)NC[C@H]1CCCC[C@H]31
CCc1cc(CF)c2cc3c(cc2n1)NC[C@H]1CCCC[C@H]31,0.7291,0.847,298.4,4.97,2.8,24.9,0.722,0,2.0,AR,CCc1cc(C(F)F)c2cc3c(cc2n1)NC[C@H]1CCCC[C@H]31
N#Cc1ccc(OC2CCOCC2)c(CC(=O)Nc2cnc(C#N)cn2)c1,0.7266,0.862,363.4,1.96,3.4,120.9,0.714,0,3.0,CHEK1,C#Cc1ccc(OC2CCOCC2)c(CC(=O)Nc2cnc(C#N)cn2)c1
Cc1ccc(SC2CCOC2)c(NC(=O)Nc2cnc(C#N)cn2)c1,0.7262,0.874,355.4,3.18,3.1,99.9,0.672,0,1.0,CHEK1,Cc1ccc(OC2CCOC2)c(NC(=O)Nc2cnc(C#N)cn2)c1
O=C(O)c1cc(C(F)F)c2cc3c(cc2n1)NC[C@H]1CCCC[C@H]31,0.7247,0.845,332.4,4.57,3.0,62.2,0.714,0,1.0,AR,O=C(O)c1cc(C(F)(F)F)c2cc3c(cc2n1)NC[C@H]1CCCC[C@H]
N#Cc1cnc(NC(=S)Nc2cc(F)ccc2OC2CCOC2)cn1,0.7228,0.805,359.4,2.46,3.1,92.1,0.806,0,1.0,CHEK1,N#Cc1cnc(NC(=O)Nc2cc(F)ccc2OC2CCOC2)cn1
Nc1cccc(-c2nc(N3CCOCC3)c3sccc3n2)c1.[H],0.721,0.737,313.4,2.89,2.8,64.3,0.957,0,1.0,PIK3CA,Cl.Nc1cccc(-c2nc(N3CCOCC3)c3sccc3n2)c1
Cl.Nc1cccc(-c2nc(N3CCOCC3)c3sccc3n2)c1,0.7204,0.72,348.9,3.2,2.9,64.3,1.0,0,,,
Cc1cc(C(=O)O)nc2cc3c(cc12)[C@H]1CCCC[C@@H]1CN3,0.7202,0.836,296.4,3.94,2.8,62.2,0.722,0,3.0,AR,O=C(O)c1cc(CF)c2cc3c(cc2n1)NC[C@H]1CCCC[C@H]31
O=C(F)c1cccc2[nH]c(-c3ccc(Cl)cc3)nc12,0.7182,0.718,274.7,3.99,2.4,45.8,1.0,0,,,
COc1ccc2c(c1)CCCN2S(=O)(=O)c1ccc(N2CCCC2=O)cc1,0.7175,0.81,386.5,2.96,3.4,66.9,0.8,0,1.0,MDM2,NOc1ccc2c(c1)CCCN2S(=O)(=O)c1ccc(N2CCCC2=O)cc1
N#Cc1cnc(NC(=O)Cc2ccccc2OC2CCOC2)cn1,0.7164,0.899,324.3,1.7,3.0,97.1,0.594,0,2.0,CHEK1,Cc1ccc(OC2CCOC2)c(CC(=O)Nc2cnc(C#N)cn2)c1
Nc1cc(OF)c2cc3c(cc2n1)NC[C@H]1CCCC[C@H]31,0.7145,0.838,287.3,3.78,2.6,60.2,0.706,0,3.0,AR,Nc1cc(CF)c2cc3c(cc2n1)NC[C@H]1CCCC[C@H]31
N#Cc1cnc(NC(=O)Cc2cc(F)ccc2OC2CCOC2)cn1,0.7109,0.89,342.3,1.84,3.1,97.1,0.606,0,2.0,CHEK1,Cc1ccc(OC2CCOC2)c(CC(=O)Nc2cnc(C#N)cn2)c1
COc1ccc2c(c1)NCCN2S(=O)(=O)c1ccc(N2CCCC2=O)cc1,0.7101,0.872,387.5,2.44,3.4,79.0,0.656,0,3.0,MDM2,COc1ccc2c(c1)N(O)CCN2S(=O)(=O)c1ccc(N2CCCC2=O)cc1
O=C1CCCN1c1ccc(S(=O)(=O)N2CCCc3ccccc32)cc1,0.7098,0.85,356.4,2.95,3.1,57.7,0.68,0,3.0,MDM2,O=C1CCCN1c1ccc(S(=O)(=O)N2CCCc3cc(O)ccc32)cc1
CCC.CNc1nccc(-c2cnc(Nc3ccccn3)s2)n1,0.7077,0.747,328.4,4.2,2.9,75.6,0.894,0,2.0,CDK4,CCCC.CNc1nccc(-c2cnc(Nc3ccccn3)s2)n1
CC.CNc1nccc(-c2cnc(Nc3ccccn3)s2)n1,0.7057,0.762,314.4,3.81,2.8,75.6,0.851,0,3.0,CDK4,CCC.CNc1nccc(-c2cnc(Nc3ccccn3)s2)n1
Nc1cc(CF)c2cc3c(cc2n1)NC[C@H]1CCCC[C@H]31,0.7046,0.833,285.4,3.99,2.6,50.9,0.692,0,2.0,AR,Nc1cc(C(F)F)c2cc3c(cc2n1)NC[C@H]1CCCC[C@H]31
CCF.CNc1nccc(-c2cnc(Nc3ccccn3)s2)n1,0.7034,0.758,332.4,3.76,2.9,75.6,0.857,0,3.0,CDK4,CCC.CNc1nccc(-c2cnc(Nc3ccccn3)s2)n1
CNC[C@H]1OC(=O)c2coc3c2[C@@]1(C)C1=C(C3=O)[C@@H]2CCC(=O)[C@@]2(C)C[C@H]1OC(C)=O,0.7029,0.73,427.5,2.11,3.9,111.9,1.0,0,,,
CCc1cc(C)c2cc3c(cc2n1)NC[C@H]1CCCC[C@H]31,0.7017,0.811,280.4,4.8,2.6,24.9,0.731,0,3.0,AR,CCc1cc(CF)c2cc3c(cc2n1)NC[C@H]1CCCC[C@H]31
OCc1cc(CF)c2cc3c(cc2n1)NC[C@H]1CCCC[C@H]31,0.7011,0.884,300.4,3.9,2.8,45.2,0.586,0,3.0,AR,CCc1cc(CF)c2cc3c(cc2n1)NC[C@H]1CCCC[C@H]31
C#Cc1cnc(NC(=O)Nc2ccccc2OC2CCOC2)cn1,0.7002,0.843,324.3,2.27,3.0,85.4,0.662,0,2.0,CHEK1,N#Cc1cnc(NC(=O)Nc2ccccc2OC2CCOC2)cn1
N#Cc1cnc(NC(=O)Nc2cc(O)ccc2OC2CCOC2)cn1,0.7001,0.774,341.3,1.87,3.1,129.4,0.82,0,1.0,CHEK1,Cc1ccc(OC2CCOC2)c(NC(=O)Nc2cnc(C#N)cn2)c1
N#Cc1cnc(NC(=O)Oc2cc(O)ccc2OC2CCOC2)cn1,0.6993,0.861,342.3,1.83,3.1,126.6,0.632,0,2.0,CHEK1,Cc1ccc(OC2CCOC2)c(OC(=O)Nc2cnc(C#N)cn2)c1
Cc1ccc(SC2CCOC2)c(OC(=O)Nc2cnc(C#N)cn2)c1,0.6977,0.898,356.4,3.15,3.1,97.1,0.562,0,2.0,CHEK1,Cc1ccc(OC2CCOC2)c(OC(=O)Nc2cnc(C#N)cn2)c1
NCc1cc(CF)c2cc3c(cc2n1)NC[C@H]1CCCC[C@H]31,0.6975,0.885,299.4,3.86,2.8,50.9,0.576,0,3.0,AR,CCc1cc(CF)c2cc3c(cc2n1)NC[C@H]1CCCC[C@H]31
O=C(C[Se](=O)CCCO)C(F)(F)F,0.6963,0.752,265.1,0.92,1.6,54.4,0.852,0,3.0,FOLH1,CCCC[Se](=O)CC(=O)C(F)(F)F
NC(=O)c1cccc2[nH]c(-c3ccncc3)nc12.[H],0.6958,0.715,239.3,1.84,2.2,84.7,0.946,0,1.0,PARP1,Cl.NC(=O)c1cccc2[nH]c(-c3ccncc3)nc12
CNN1CCN(S(=O)(=S)c2ccc(N3CCCC3=O)cc2)c2ccc(OC)cc21,0.6946,0.782,432.6,2.3,3.6,65.1,0.825,0,1.0,MDM2,CNN1CCN(S(=O)(=O)c2ccc(N3CCCC3=O)cc2)c2ccc(OC)cc21
CON1C(=O)C[C@H](c2ccccc2F)[C@@H]1[C@H](O)c1ccc(-c2cccnc2)s1,0.6923,0.707,398.5,3.93,3.5,62.7,1.0,0,,,
Nc1cc(C(F)F)c2cc3c(cc2n1)NC[C@H]1CCCC[C@H]31,0.692,0.818,303.4,4.45,2.8,50.9,0.692,0,1.0,AR,Nc1cc(C(F)(F)F)c2cc3c(cc2n1)NC[C@H]1CCCC[C@H]31
CNC(=O)c1coc2c1[C](C)C1=C(C2=O)[C@@H]2CCC(=O)[C@@]2(C)C[C@H]1OC(C)=O.COC,0.6911,0.718,430.5,2.66,3.9,111.9,1.0,0,,,
CC(N)=O.COC[C@H]1OC(=O)c2coc3c2[C@@]1(C)C1=C(C3=O)[C@@H]2CCC(=O)[C@@]2(C)C[CH]1,0.6895,0.716,428.5,2.3,3.9,125.9,1.0,0,,,
FCc1cc(CF)c2cc3c(cc2n1)NC[C@H]1CCCC[C@H]31,0.6874,0.855,302.4,4.87,2.8,24.9,0.607,0,3.0,AR,CCc1cc(CF)c2cc3c(cc2n1)NC[C@H]1CCCC[C@H]31
CCC(C)(C)c1nc(-c2cc[nH]c2)c(-c2ccncc2)[nH]1.Cl.O,0.686,0.76,334.9,3.75,2.9,88.9,0.804,0,1.0,BRAF,CC(C)(CN)c1nc(-c2cc[nH]c2)c(-c2ccncc2)[nH]1.Cl.O
CN1CCN(S(=O)(=O)c2ccc(N3CCCC3=O)cc2)c2ccc(O)cc21,0.6829,0.873,387.5,2.16,3.4,81.2,0.59,0,3.0,MDM2,COc1ccc2c(c1)N(C)CCN2S(=O)(=O)c1ccc(N2CCCC2=O)cc1
CC(C)(CF)c1nc(-c2cc[nH]c2)c(-c2ccncc2)[nH]1.Cl.O,0.6826,0.764,338.8,3.31,2.9,88.9,0.787,0,2.0,BRAF,CCC(C)(C)c1nc(-c2cc[nH]c2)c(-c2ccncc2)[nH]1.Cl.O
CCc1cc(C(F)F)c2cc3c(cc2n1)NC[C@H]1CCCC[C@H]31,0.6822,0.798,316.4,5.43,2.9,24.9,0.709,1,1.0,AR,CCc1cc(C(F)(F)F)c2cc3c(cc2n1)NC[C@H]1CCCC[C@H]31
CCC(C)(C)c1nc(-c2cc[nH]c2)c(-c2ccncc2)[nH]1.O.[H],0.682,0.772,299.4,3.44,2.8,88.9,0.766,0,2.0,BRAF,CCC(C)(C)c1nc(-c2cc[nH]c2)c(-c2ccncc2)[nH]1.Cl.O
Oc1cccc(-c2nc(N3CCOCC3)c3sccc3n2)c1.[H],0.6817,0.788,314.4,3.01,2.8,58.5,0.731,0,2.0,PIK3CA,Nc1cccc(-c2nc(N3CCOCC3)c3sccc3n2)c1.[H]
CCN1C(=O)C[C@H](c2ccccc2F)[C@@H]1[C@H](O)c1ccc(-c2cccnc2)s1,0.6811,0.696,396.5,4.39,3.5,53.4,1.0,0,,,
COc1ccc2c(c1)N(C)CCN2S(=O)(=O)c1ccc(N2CCCC2=O)cc1,0.6809,0.787,401.5,2.47,3.5,70.2,0.768,0,2.0,MDM2,COc1ccc2c(c1)N(N)CCN2S(=O)(=O)c1ccc(N2CCCC2=O)cc1
CC(C)(CN)c1nc(-c2cc[nH]c2)c(-c2ccncc2)[nH]1.Cl.O,0.6789,0.679,335.8,2.3,2.9,114.9,1.0,0,,,
NCc1cc(C(F)F)c2cc3c(cc2n1)NC[C@H]1CCCC[C@H]31,0.6788,0.867,317.4,4.33,2.9,50.9,0.567,0,2.0,AR,NCc1cc(C(F)(F)F)c2cc3c(cc2n1)NC[C@H]1CCCC[C@H]31
CC(C)(CF)c1nc(-c2cc[nH]c2)c(-c2ccncc2)[nH]1.O.[H],0.6786,0.776,303.4,3.0,2.8,88.9,0.75,0,3.0,BRAF,CC(C)(CF)c1nc(-c2cc[nH]c2)c(-c2ccncc2)[nH]1.Cl.O
Cl.Oc1cccc(-c2nc(N3CCOCC3)c3sccc3n2)c1,0.6783,0.769,349.8,3.32,2.9,58.5,0.765,0,1.0,PIK3CA,Cl.Nc1cccc(-c2nc(N3CCOCC3)c3sccc3n2)c1
COc1ccc2c(c1)N(CO)CCN2S(=O)(=O)c1ccc(N2CCCC2=O)cc1,0.6777,0.798,417.5,1.79,3.6,90.4,0.746,0,2.0,MDM2,COc1ccc2c(c1)N(NO)CCN2S(=O)(=O)c1ccc(N2CCCC2=O)cc1
OCc1cc(C(F)F)c2cc3c(cc2n1)NC[C@H]1CCCC[C@H]31,0.6771,0.864,318.4,4.36,2.9,45.2,0.567,0,2.0,AR,OCc1cc(C(F)(F)F)c2cc3c(cc2n1)NC[C@H]1CCCC[C@H]31
COc1ccc2c(c1)N(N)CCN2S(=O)(=O)c1ccc(N2CCCC2=O)cc1,0.6768,0.782,402.5,1.71,3.5,96.2,0.768,0,1.0,MDM2,CNN1CCN(S(=O)(=O)c2ccc(N3CCCC3=O)cc2)c2ccc(OC)cc21
CCCC.CNc1nccc(-c2cnc(Nc3ccccn3)s2)n1,0.6762,0.706,342.5,4.59,3.0,75.6,0.915,0,1.0,CDK4,CCCCC.CNc1nccc(-c2cnc(Nc3ccccn3)s2)n1
Cl.NC(=O)c1cccc2[nH]c(-c3ccccc3)nc12,0.6762,0.753,273.7,2.75,2.4,71.8,0.795,0,1.0,PARP1,Cl.NC(=O)c1cccc2[nH]c(-c3ccncc3)nc12
NSc1ccc2c(c1)CCCN2S(=O)(=O)c1ccc(N2CCCC2=O)cc1,0.6759,0.794,403.5,2.92,3.4,83.7,0.731,0,1.0,MDM2,NOc1ccc2c(c1)CCCN2S(=O)(=O)c1ccc(N2CCCC2=O)cc1
CN(C)N1C(=O)C[C@H](c2ccccc2F)[C@@H]1[C@H](O)c1ccc(-c2cccnc2)s1,0.6745,0.693,411.5,3.84,3.6,56.7,1.0,0,,,
CCCF.CNc1nccc(-c2cnc(Nc3ccccn3)s2)n1,0.6722,0.723,346.4,4.15,3.0,75.6,0.86,0,2.0,CDK4,CCCC.CNc1nccc(-c2cnc(Nc3ccccn3)s2)n1
O=C1CCCN1c1ccc(S(=O)(=O)N2CCN(O)c3cc(OF)ccc32)cc1,0.6718,0.838,407.4,2.48,3.5,90.4,0.639,0,3.0,MDM2,COc1ccc2c(c1)N(O)CCN2S(=O)(=O)c1ccc(N2CCCC2=O)cc1
COc1ccc2c(c1)N(NF)CCN2S(=O)(=O)c1ccc(N2CCCC2=O)cc1,0.6689,0.747,420.5,2.23,3.6,82.2,0.839,0,1.0,MDM2,CNN1CCN(S(=O)(=O)c2ccc(N3CCCC3=O)cc2)c2ccc(OC)cc21
Cl.O=C(O)c1cccc2[nH]c(-c3ccncc3)nc12,0.6688,0.754,275.7,2.74,2.4,78.9,0.775,0,1.0,PARP1,Cl.NC(=O)c1cccc2[nH]c(-c3ccncc3)nc12
c1ccc(Oc2ncc(-c3ccnc(OC4CCCCC4)n3)s2)nc1,0.6682,0.672,354.4,4.5,3.1,70.0,1.0,0,,,
CC(C)(CN)c1nc(-c2cc[nH]c2)c(-c2ccncc2)[nH]1.O.[H],0.668,0.684,300.4,1.99,2.8,114.9,0.953,0,1.0,BRAF,CC(C)(CN)c1nc(-c2cc[nH]c2)c(-c2ccncc2)[nH]1.Cl.O
CC(C)(C)c1nc(-c2cc[nH]c2)c(-c2ccncc2)[nH]1.Cl.O,0.6652,0.758,320.8,3.36,2.8,88.9,0.756,0,2.0,BRAF,CCC(C)(C)c1nc(-c2cc[nH]c2)c(-c2ccncc2)[nH]1.Cl.O
CNc1nccc(-c2cnc(Nc3ccccn3)s2)n1.FCCF,0.6648,0.731,350.4,3.71,3.0,75.6,0.82,0,3.0,CDK4,CCCF.CNc1nccc(-c2cnc(Nc3ccccn3)s2)n1
CNN1CCN(S(=S)(=S)c2ccc(N3CCCC3=O)cc2)c2ccc(OC)cc21,0.6635,0.755,448.6,2.63,3.6,48.0,0.807,0,2.0,MDM2,CNN1CCN(S(=O)(=S)c2ccc(N3CCCC3=O)cc2)c2ccc(OC)cc21
CC(C)(CN)c1nc(-c2cc[nH]c2)c(-c2ccncc2)[nH]1.S.[H],0.6603,0.692,316.5,2.93,2.8,83.4,0.909,0,2.0,BRAF,CC(C)(CN)c1nc(-c2cc[nH]c2)c(-c2ccncc2)[nH]1.O.[H]
Nc1cc(N(F)F)c2cc3c(cc2n1)NC[C@H]1CCCC[C@H]31,0.6592,0.779,304.3,4.09,2.8,54.2,0.692,0,2.0,AR,Nc1cc(C(F)F)c2cc3c(cc2n1)NC[C@H]1CCCC[C@H]31
CC(C)(CN)c1nc(-c2cc[nH]c2)c(-c2ccncc2)[nH]1.Cl.S,0.6586,0.674,351.9,3.24,2.9,83.4,0.953,0,1.0,BRAF,CC(C)(CN)c1nc(-c2cc[nH]c2)c(-c2ccncc2)[nH]1.Cl.O
CC(=O)O.COC[C@H]1OC(=O)c2coc3c2[C@@]1(C)C1=C(C3=O)[C@@H]2CCC(=O)[C@@]2(C)C[CH]1,0.6584,0.713,429.4,2.9,3.9,120.1,0.919,0,1.0,PIK3CB,CC(N)=O.COC[C@H]1OC(=O)c2coc3c2[C@@]1(C)C1=C(C3=O)
CNC(=O)c1cccc2[nH]c(-c3ccccc3)nc12,0.6564,0.735,251.3,2.59,2.4,57.8,0.786,0,1.0,PARP1,CNC(=O)c1cccc2[nH]c(-c3ccc(Cl)cc3)nc12
O=C1CCCN1c1ccc(S(=O)(=O)N2CCCc3cc(SO)ccc32)cc1,0.6543,0.789,404.5,3.52,3.4,77.9,0.685,0,2.0,MDM2,NSc1ccc2c(c1)CCCN2S(=O)(=O)c1ccc(N2CCCC2=O)cc1
CN1C(=O)C[C@H](c2ccccc2F)[C@@H]1[C@H](O)c1ccc(-c2cccnc2)s1,0.6537,0.742,382.5,4.0,3.4,53.4,0.79,0,1.0,KRAS,CCN1C(=O)C[C@H](c2ccccc2F)[C@@H]1[C@H](O)c1ccc(-c2
CC(F)(CF)c1nc(-c2cc[nH]c2)c(-c2ccncc2)[nH]1.Cl.O,0.6531,0.762,342.8,3.22,2.9,88.9,0.714,0,3.0,BRAF,CC(C)(CF)c1nc(-c2cc[nH]c2)c(-c2ccncc2)[nH]1.Cl.O
O=C1CCCN1c1ccccc1.O=[SH](=O)N1CCCc2cc(OF)ccc21,0.6521,0.816,392.5,3.04,3.4,66.9,0.625,0,2.0,MDM2,O=C1CCCN1c1ccncc1.O=[SH](=O)N1CCCc2cc(OF)ccc21
CC(C)(C)c1nc(-c2cc[nH]c2)c(-c2ccncc2)[nH]1.O.[H],0.6504,0.757,285.4,3.05,2.6,88.9,0.717,0,3.0,BRAF,CCC(C)(C)c1nc(-c2cc[nH]c2)c(-c2ccncc2)[nH]1.O.[H]
CCC(C)(C)c1nc(-c2cc[nH]c2)c(-c2ccncc2)[nH]1.S.[H],0.6488,0.75,315.5,4.38,2.8,57.4,0.729,0,3.0,BRAF,CCC(C)(C)c1nc(-c2cc[nH]c2)c(-c2ccncc2)[nH]1.O.[H]
CSC(=O)c1cccc2[nH]c(-c3ccc(Cl)cc3)nc12,0.6473,0.764,302.8,4.39,2.5,45.8,0.696,0,2.0,PARP1,COC(=O)c1cccc2[nH]c(-c3ccc(Cl)cc3)nc12
O=C(OF)c1cccc2[nH]c(-c3ccc(Cl)cc3)nc12,0.6455,0.778,290.7,3.92,2.5,55.0,0.66,0,2.0,PARP1,COC(=O)c1cccc2[nH]c(-c3ccc(Cl)cc3)nc12
CC(=O)O[C@@H]1C[C@]2(C)C(=O)CC[C@H]2C2=C1[C@]1(C)c3c(coc3C2=O)C(=O)O[C@@H]1CO,0.6455,0.729,414.4,1.88,3.8,120.1,0.831,0,2.0,PIK3CB,CC(=O)O[C@@H]1C[C@]2(C)C(=O)CC[C@H]2C2=C1[C@]1(C)c
CCCCC.CNc1nccc(-c2cnc(Nc3ccccn3)s2)n1,0.6453,0.649,356.5,4.98,3.1,75.6,1.0,0,,,
O=C(O)c1cccc2[nH]c(-c3ccc(Cl)cc3)nc12,0.6447,0.749,272.7,3.58,2.4,66.0,0.721,0,2.0,PARP1,NC(=O)c1cccc2[nH]c(-c3ccc(Cl)cc3)nc12
O=C1CCCN1c1ccc(S(=O)(=O)N2CCN(O)c3cc(O)ccc32)cc1,0.644,0.832,389.4,1.92,3.4,101.4,0.574,0,3.0,MDM2,COc1ccc2c(c1)N(O)CCN2S(=O)(=O)c1ccc(N2CCCC2=O)cc1
CC(C)(CF)c1nc(-c2cc[nH]c2)c(-c2ccncc2)[nH]1.Cl.S,0.6435,0.735,354.9,4.25,2.9,57.4,0.75,0,3.0,BRAF,CC(C)(CF)c1nc(-c2cc[nH]c2)c(-c2ccncc2)[nH]1.Cl.O
Cl.O=C(F)c1cccc2[nH]c(-c3ccncc3)nc12,0.6428,0.732,277.7,3.16,2.4,58.6,0.756,0,2.0,PARP1,CC(=O)c1cccc2[nH]c(-c3ccncc3)nc12.Cl
OC(=S)c1cccc(-c2nc(N3CCOCC3)c3sccc3n2)c1.[H],0.6426,0.723,358.5,3.54,3.0,58.5,0.778,0,2.0,PIK3CA,O=C(O)c1cccc(-c2nc(N3CCOCC3)c3sccc3n2)c1.[H]
COC.C[C]1C2=C(C(=O)c3occ(C(=O)O)c31)[C@@H]1CCC(=O)[C@@]1(C)C[C@H]2OC(C)=O,0.6412,0.729,417.4,3.0,3.8,120.1,0.817,0,2.0,PIK3CB,COC.C[C]1C2=C(C(=O)c3occ(C(N)=O)c31)[C@@H]1CCC(=O)
NC(=O)c1cccc2[nH]c(-c3ccc(Cl)cc3)nc12,0.6409,0.752,271.7,2.98,2.4,71.8,0.705,0,1.0,PARP1,CNC(=O)c1cccc2[nH]c(-c3ccc(Cl)cc3)nc12
CC(=O)O[C@@H]1C[C@]2(C)C(=O)CC[C@H]2C2=C1[C@]1(C)c3c(coc3C2=O)C(=O)O[C@@H]1CN,0.6407,0.728,413.4,1.85,3.8,125.9,0.818,0,1.0,PIK3CB,CNC[C@H]1OC(=O)c2coc3c2[C@@]1(C)C1=C(C3=O)[C@@H]2C
CC(=O)c1cccc2[nH]c(-c3ccncc3)nc12.Cl,0.6404,0.729,273.7,3.25,2.4,58.6,0.756,0,1.0,PARP1,Cl.NC(=O)c1cccc2[nH]c(-c3ccncc3)nc12
COC.C[C]1C2=C(C(=O)c3occ(C(N)=O)c31)[C@@H]1CCC(=O)[C@@]1(C)C[C@H]2OC(C)=O,0.6402,0.734,416.5,2.4,3.8,125.9,0.803,0,1.0,PIK3CB,CNC(=O)c1coc2c1[C](C)C1=C(C2=O)[C@@H]2CCC(=O)[C@@]
COC[C@H]1OC(=O)c2coc3c2[C@@]1(C)C1=C(C3=O)[C@@H]2CCC(=O)[C@@]2(C)C[CH]1.NC(N)=O,0.6387,0.68,429.4,1.83,3.9,151.9,0.951,0,1.0,PIK3CB,CC(N)=O.COC[C@H]1OC(=O)c2coc3c2[C@@]1(C)C1=C(C3=O)
CON1C(=O)C[C@H](c2ccccc2)[C@@H]1[C@H](O)c1ccc(-c2cccnc2)s1,0.6385,0.732,380.5,3.79,3.4,62.7,0.774,0,1.0,KRAS,CON1C(=O)C[C@H](c2ccccc2F)[C@@H]1[C@H](O)c1ccc(-c2
CO.COC(=O)c1coc2c1[C](C)C1=C(C2=O)[C@@H]2CCC(=O)[C@@]2(C)C[C@H]1OC(C)=O,0.6359,0.729,417.4,2.43,3.8,120.1,0.803,0,2.0,PIK3CB,COC.COC(=O)c1coc2c1[C](C)C1=C(C2=O)[C@@H]2CCC(=O)[
CON1C(=O)C[C@@H](c2ccncc2)[C@@H]1[C@H](O)c1ccc(-c2cccnc2)s1,0.6354,0.735,381.5,3.18,3.4,75.5,0.758,0,2.0,KRAS,CON1C(=O)C[C@H](c2ccccc2)[C@@H]1[C@H](O)c1ccc(-c2c
COC(=O)c1cccc2[nH]c(-c3ccc(Cl)cc3)nc12,0.6339,0.731,286.7,3.67,2.5,55.0,0.733,0,1.0,PARP1,CNC(=O)c1cccc2[nH]c(-c3ccc(Cl)cc3)nc12
COC[C@H]1OC(=O)c2coc3c2[C@@]1(C)C1=C(C3=O)[C@@H]2CCC(=O)[C@@]2(C)C[CH]1.NC(=O)O,0.6337,0.68,430.4,2.43,3.9,146.1,0.935,0,1.0,PIK3CB,CC(N)=O.COC[C@H]1OC(=O)c2coc3c2[C@@]1(C)C1=C(C3=O)
CCC.COc1nccc(-c2cnc(Nc3ccccn3)s2)n1,0.6336,0.774,329.4,4.16,2.9,72.8,0.636,0,3.0,CDK4,CCC.CNc1nccc(-c2cnc(Nc3ccccn3)s2)n1
CC(=O)O[C@@H]1C[C@]2(C)C(=O)CC[C@H]2C2=C1[C@]1(C)c3c(coc3C2=O)C(=O)O[C@@H]1CCO,0.633,0.728,428.4,2.27,3.9,120.1,0.806,0,2.0,PIK3CB,CCC[C@H]1OC(=O)c2coc3c2[C@@]1(C)C1=C(C3=O)[C@@H]2C
CCC(C)(C)c1nc(-c2cc[nH]c2)c(-c2ccncc2)[nH]1.Cl.S,0.6329,0.717,350.9,4.69,2.9,57.4,0.766,0,2.0,BRAF,CCC(C)(C)c1nc(-c2cc[nH]c2)c(-c2ccncc2)[nH]1.Cl.O
CON1C(=O)C[C@@H](c2ccoc2)[C@@H]1[C@H](O)c1ccc(-c2cccnc2)s1,0.6326,0.745,370.4,3.38,3.2,75.8,0.716,0,2.0,KRAS,CON1C(=O)C[C@H](c2ccccc2)[C@@H]1[C@H](O)c1ccc(-c2c
CCN1C(=O)C[C@@H](c2ccncc2)[C@@H]1[C@H](O)c1ccc(-c2cccnc2)s1,0.6313,0.735,379.5,3.64,3.4,66.3,0.746,0,2.0,KRAS,CCN1C(=O)C[C@H](c2ccccc2)[C@@H]1[C@H](O)c1ccc(-c2c
CCN1C(=O)C[C@@H](c2ccoc2)[C@@H]1[C@H](O)c1ccc(-c2cccnc2)s1,0.6308,0.743,368.5,3.84,3.2,66.6,0.716,0,2.0,KRAS,CCN1C(=O)C[C@H](c2ccccc2)[C@@H]1[C@H](O)c1ccc(-c2c
Sc1cccc(-c2nc(N3CCOCC3)c3sccc3n2)c1.[H],0.6307,0.729,330.5,3.6,2.8,38.2,0.731,0,3.0,PIK3CA,Oc1cccc(-c2nc(N3CCOCC3)c3sccc3n2)c1.[H]
O=C1C[C@H](c2ccccc2F)[C@H]([C@H](O)c2ccc(-c3cccnc3)s2)N1OF,0.6303,0.695,402.4,4.18,3.5,62.7,0.852,0,1.0,KRAS,CON1C(=O)C[C@H](c2ccccc2F)[C@@H]1[C@H](O)c1ccc(-c2
CCN1C(=O)C[C@H](c2ccccc2)[C@@H]1[C@H](O)c1ccc(-c2cccnc2)s1,0.6303,0.722,378.5,4.25,3.4,53.4,0.774,0,1.0,KRAS,CCN1C(=O)C[C@H](c2ccccc2F)[C@@H]1[C@H](O)c1ccc(-c2
C=CC.CNc1nccc(-c2cnc(Nc3ccccn3)s2)n1,0.6303,0.707,326.4,3.97,2.9,75.6,0.784,0,3.0,CDK4,CCC.CNc1nccc(-c2cnc(Nc3ccccn3)s2)n1
CON1C(=O)C[C@@H](c2ccncc2)[C@@H]1[C@H](O)c1ccc(-c2cccnc2)s1.[H],0.6294,0.733,382.5,3.3,3.4,75.5,0.746,0,2.0,KRAS,CON1C(=O)C[C@@H](c2ccncc2)[C@@H]1[C@H](O)c1ccc(-c2
NC(=O)c1cccc2[nH]c(-c3ccccc3)nc12.[H],0.6294,0.719,238.3,2.44,2.2,71.8,0.75,0,2.0,PARP1,NC(=O)c1cccc2[nH]c(-c3ccncc3)nc12.[H]
CCCCF.CNc1nccc(-c2cnc(Nc3ccccn3)s2)n1,0.6293,0.672,360.5,4.54,3.1,75.6,0.882,0,1.0,CDK4,CCCCC.CNc1nccc(-c2cnc(Nc3ccccn3)s2)n1
O=C(NF)c1cccc2[nH]c(-c3ccc(Cl)cc3)nc12,0.6289,0.709,289.7,3.5,2.5,57.8,0.773,0,1.0,PARP1,CNC(=O)c1cccc2[nH]c(-c3ccc(Cl)cc3)nc12
CC(=O)O[C@@H]1C[C@]2(C)C(=O)CC[C@H]2C2=C1[C@]1(C)c3c(coc3C2=O)C(=O)O[C@@H]1CCN,0.6286,0.728,427.5,2.24,3.9,125.9,0.794,0,2.0,PIK3CB,CCC[C@H]1OC(=O)c2coc3c2[C@@]1(C)C1=C(C3=O)[C@@H]2C
CCO.CNc1nccc(-c2cnc(Nc3ccccn3)s2)n1,0.6283,0.677,330.4,2.78,2.9,95.8,0.857,0,3.0,CDK4,CCC.CNc1nccc(-c2cnc(Nc3ccccn3)s2)n1
COc1cccc(Cl)c1C(=O)Nc1c[nH]nc1C(=O)NC1CCNCC1,0.6283,0.635,377.8,1.81,3.2,108.1,1.0,0,,,
Cl.c1ccc(-c2nc(N3CCOCC3)c3sccc3n2)cc1,0.628,0.718,333.8,3.62,2.8,38.2,0.75,0,2.0,PIK3CA,Cl.Oc1cccc(-c2nc(N3CCOCC3)c3sccc3n2)c1
CCN.CNc1nccc(-c2cnc(Nc3ccccn3)s2)n1,0.6278,0.676,329.4,2.75,2.9,101.6,0.857,0,3.0,CDK4,CCC.CNc1nccc(-c2cnc(Nc3ccccn3)s2)n1
COC(=O)c1coc2c1[C](C)C1=C(C2=O)[C@@H]2CCC(=O)[C@@]2(C)C[C@H]1OC(C)=O.OF,0.6272,0.724,421.4,2.69,3.8,120.1,0.79,0,3.0,PIK3CB,CO.COC(=O)c1coc2c1[C](C)C1=C(C2=O)[C@@H]2CCC(=O)[C
CON1C(=O)C[C@@H](c2ccoc2)[C@@H]1[C@H](O)c1ccc(-c2cccnc2)s1.[H],0.6269,0.743,371.4,3.5,3.2,75.8,0.706,0,2.0,KRAS,CON1C(=O)C[C@@H](c2ccoc2)[C@@H]1[C@H](O)c1ccc(-c2c
Cc1cccc(-c2nc(N3CCOCC3)c3sccc3n2)c1.[H],0.6268,0.724,312.4,3.62,2.8,38.2,0.731,0,2.0,PIK3CA,Nc1cccc(-c2nc(N3CCOCC3)c3sccc3n2)c1.[H]
O=C1C[C@H](c2ccccc2F)[C@H]([C@H](O)c2ccc(-c3cccnc3)s2)N1CO,0.6268,0.692,398.5,3.32,3.5,73.7,0.852,0,1.0,KRAS,CCN1C(=O)C[C@H](c2ccccc2F)[C@@H]1[C@H](O)c1ccc(-c2
Cl.NC(=S)c1cccc2[nH]c(-c3ccncc3)nc12,0.6253,0.712,290.8,2.68,2.4,67.6,0.756,0,1.0,PARP1,Cl.NC(=O)c1cccc2[nH]c(-c3ccncc3)nc12
O=C(O)c1cccc2[nH]c(-c3ccncc3)nc12.[H],0.6239,0.721,240.2,2.44,2.2,78.9,0.732,0,2.0,PARP1,NC(=O)c1cccc2[nH]c(-c3ccncc3)nc12.[H]
CCC.CCc1nccc(-c2cnc(Nc3ccccn3)s2)n1,0.6235,0.751,327.5,4.72,2.9,63.6,0.66,0,3.0,CDK4,CCC.CNc1nccc(-c2cnc(Nc3ccccn3)s2)n1
[H].c1ccc(-c2nc(N3CCOCC3)c3sccc3n2)cc1,0.6234,0.727,298.4,3.31,2.6,38.2,0.714,0,3.0,PIK3CA,Oc1cccc(-c2nc(N3CCOCC3)c3sccc3n2)c1.[H]
CN(C)N1C(=O)C[C@H](c2ccccc2)[C@@H]1[C@H](O)c1ccc(-c2cccnc2)s1,0.6233,0.718,393.5,3.7,3.5,56.7,0.774,0,1.0,KRAS,CN(C)N1C(=O)C[C@H](c2ccccc2F)[C@@H]1[C@H](O)c1ccc(
NCN1C(=O)C[C@H](c2ccccc2F)[C@@H]1[C@H](O)c1ccc(-c2cccnc2)s1,0.623,0.692,397.5,3.28,3.5,79.5,0.839,0,1.0,KRAS,CCN1C(=O)C[C@H](c2ccccc2F)[C@@H]1[C@H](O)c1ccc(-c2
O=C(SF)c1cccc2[nH]c(-c3ccc(Cl)cc3)nc12,0.6222,0.75,306.7,4.64,2.5,45.8,0.66,0,3.0,PARP1,CSC(=O)c1cccc2[nH]c(-c3ccc(Cl)cc3)nc12
CNc1nccc(-c2cnc(Nc3ccccn3)s2)n1.FCCCF,0.622,0.686,364.4,4.1,3.1,75.6,0.824,0,2.0,CDK4,CCCCF.CNc1nccc(-c2cnc(Nc3ccccn3)s2)n1
CC(=O)c1cccc2[nH]c(-c3ccc(Cl)cc3)nc12,0.6219,0.713,270.7,4.09,2.4,45.8,0.744,0,2.0,PARP1,NC(=O)c1cccc2[nH]c(-c3ccc(Cl)cc3)nc12
Cl.Fc1cccc(-c2nc(N3CCOCC3)c3sccc3n2)c1,0.6215,0.704,351.8,3.76,2.9,38.2,0.765,0,2.0,PIK3CA,Cc1cccc(-c2nc(N3CCOCC3)c3sccc3n2)c1.Cl
O=C(O)c1ccccc1.[H].c1nc(N2CCOCC2)c2sccc2n1,0.6214,0.77,344.4,3.03,3.0,75.5,0.614,0,3.0,PIK3CA,Cl.O=C(O)c1ccccc1.c1nc(N2CCOCC2)c2sccc2n1
Cc1cccc(-c2nc(N3CCOCC3)c3sccc3n2)c1.Cl,0.621,0.704,347.9,3.93,2.9,38.2,0.765,0,1.0,PIK3CA,Cl.Nc1cccc(-c2nc(N3CCOCC3)c3sccc3n2)c1
CC(C)=O.COC[C@H]1OC(=O)c2coc3c2[C@@]1(C)C1=C(C3=O)[C@@H]2CCC(=O)[C@@]2(C)C[CH]1,0.6209,0.667,427.5,3.4,3.9,99.9,0.934,0,1.0,PIK3CB,CC(N)=O.COC[C@H]1OC(=O)c2coc3c2[C@@]1(C)C1=C(C3=O)
CO.C[C]1C2=C(C(=O)c3occ(C(=O)O)c31)[C@@H]1CCC(=O)[C@@]1(C)C[C@H]2OC(C)=O,0.6199,0.72,403.4,2.34,3.6,131.1,0.77,0,3.0,PIK3CB,COC.C[C]1C2=C(C(=O)c3occ(C(=O)O)c31)[C@@H]1CCC(=O)
COC[C@H]1OC(=O)c2coc3c2[C@@]1(C)C1=C(C3=O)[C@@H]2CCC(=O)[C@@]2(C)C[CH]1.O=C(O)O,0.6191,0.676,431.4,3.03,3.9,140.3,0.903,0,2.0,PIK3CB,CC(=O)O.COC[C@H]1OC(=O)c2coc3c2[C@@]1(C)C1=C(C3=O)
CN(C)N1C(=O)C[C@@H](c2ccoc2)[C@@H]1[C@H](O)c1ccc(-c2cccnc2)s1,0.6182,0.732,383.5,3.3,3.4,69.8,0.716,0,2.0,KRAS,CN(C)N1C(=O)C[C@H](c2ccccc2)[C@@H]1[C@H](O)c1ccc(-
COF.C[C]1C2=C(C(=O)c3occ(C(N)=O)c31)[C@@H]1CCC(=O)[C@@]1(C)C[C@H]2OC(C)=O,0.6174,0.729,420.4,2.65,3.8,125.9,0.75,0,2.0,PIK3CB,COC.C[C]1C2=C(C(=O)c3occ(C(N)=O)c31)[C@@H]1CCC(=O)
NCCC[Se](=O)CC(=O)C(F)(F)F,0.6169,0.75,264.1,0.89,1.6,60.2,0.645,0,3.0,FOLH1,CCCC[Se](=O)CC(=O)C(F)(F)F
Cl.Sc1cccc(-c2nc(N3CCOCC3)c3sccc3n2)c1,0.6165,0.699,365.9,3.91,2.9,38.2,0.765,0,2.0,PIK3CA,Cl.Oc1cccc(-c2nc(N3CCOCC3)c3sccc3n2)c1
COF.C[C]1C2=C(C(=O)c3occ(C(=O)O)c31)[C@@H]1CCC(=O)[C@@]1(C)C[C@H]2OC(C)=O,0.6163,0.723,421.4,3.25,3.8,120.1,0.762,0,3.0,PIK3CB,COC.C[C]1C2=C(C(=O)c3occ(C(=O)O)c31)[C@@H]1CCC(=O)
CC(C)(CN)c1nc(-c2cc[nH]c2)c(-c2ccccc2)[nH]1.Cl.O,0.6158,0.683,334.9,2.91,2.9,102.0,0.804,0,1.0,BRAF,CC(C)(CN)c1nc(-c2cc[nH]c2)c(-c2ccncc2)[nH]1.Cl.O
CN(C)N1C(=O)C[C@@H](c2ccncc2)[C@@H]1[C@H](O)c1ccc(-c2cccnc2)s1,0.6152,0.72,394.5,3.1,3.5,69.6,0.746,0,2.0,KRAS,CN(C)N1C(=O)C[C@H](c2ccccc2)[C@@H]1[C@H](O)c1ccc(-
CO.C[C]1C2=C(C(=O)c3occ(C(N)=O)c31)[C@@H]1CCC(=O)[C@@]1(C)C[C@H]2OC(C)=O,0.615,0.719,402.4,1.74,3.6,136.9,0.758,0,2.0,PIK3CB,COC.C[C]1C2=C(C(=O)c3occ(C(N)=O)c31)[C@@H]1CCC(=O)
Cl.OC(=S)c1cccc(-c2nc(N3CCOCC3)c3sccc3n2)c1,0.6142,0.682,393.9,3.85,3.1,58.5,0.811,0,1.0,PIK3CA,Cl.O=C(O)c1cccc(-c2nc(N3CCOCC3)c3sccc3n2)c1
CN(C)N1C(=O)C[C@@H](c2ccoc2)[C@@H]1[C@H](O)c1ccc(-c2cccnc2)s1.[H],0.6126,0.73,384.5,3.41,3.4,69.8,0.706,0,2.0,KRAS,CN(C)N1C(=O)C[C@@H](c2ccoc2)[C@@H]1[C@H](O)c1ccc(-
Oc1ncc(-c2ccnc(OC3CCCCC3)n2)s1.c1ccncc1,0.6107,0.761,356.5,4.1,3.1,81.0,0.614,0,2.0,CDK4,Oc1ncc(-c2ccnc(OC3CCCCC3)n2)s1.c1ccccc1
[H].c1ccc(-c2nc(N3CCSCC3)c3sccc3n2)cc1,0.61,0.714,314.5,4.02,2.6,29.0,0.708,0,2.0,PIK3CA,Oc1cccc(-c2nc(N3CCSCC3)c3sccc3n2)c1.[H]
CN(C)N1C(=O)C[C@@H](c2ccncc2)[C@@H]1[C@H](O)c1ccc(-c2cccnc2)s1.[H],0.6096,0.718,395.5,3.21,3.5,69.6,0.734,0,2.0,KRAS,CN(C)N1C(=O)C[C@@H](c2ccncc2)[C@@H]1[C@H](O)c1ccc(
COc1ccc(F)c(Cl)c1C(=O)c1cnc(NC2CCN(S(C)(=O)=O)CC2)nc1N,0.6093,0.63,457.9,1.93,3.8,127.5,1.0,0,,,
COc1ccc(Cl)c(F)c1C(=O)c1cnc(NC2CCN(S(C)(=O)=O)CC2)nc1N,0.6093,0.63,457.9,1.93,3.8,127.5,1.0,0,,,
CCCO.CNc1nccc(-c2cnc(Nc3ccccn3)s2)n1,0.6082,0.654,344.4,3.17,3.0,95.8,0.86,0,2.0,CDK4,CCCC.CNc1nccc(-c2cnc(Nc3ccccn3)s2)n1
Oc1ncc(-c2ccnc(OC3CCCCC3)n2)s1.c1ccoc1,0.6045,0.762,345.4,4.3,3.0,81.3,0.586,0,2.0,CDK4,Oc1ncc(-c2ccnc(OC3CCCCC3)n2)s1.c1ccccc1
Sc1cccc(-c2nc(N3CCSCC3)c3sccc3n2)c1.[H],0.604,0.7,346.5,4.31,2.8,29.0,0.725,0,2.0,PIK3CA,Oc1cccc(-c2nc(N3CCSCC3)c3sccc3n2)c1.[H]
Oc1ncc(-c2ccnc(OC3CCCCC3)n2)s1.c1ccccc1,0.5974,0.737,355.5,4.7,3.1,68.1,0.63,0,1.0,CDK4,c1ccc(Oc2ncc(-c3ccnc(OC4CCCCC4)n3)s2)nc1
CCCC[Se](=O)CC(=O)C(F)(F)F,0.5867,0.713,263.1,2.34,1.6,34.1,0.645,0,2.0,FOLH1,CCCCC[Se](=O)CC(=O)C(F)(F)F
COc1cccc(F)c1C(=O)c1cnc(NC2CCN(S(C)(=O)=O)CC2)nc1N,0.5836,0.665,423.5,1.27,3.6,127.5,0.803,0,1.0,ATR,COc1ccc(Cl)c(F)c1C(=O)c1cnc(NC2CCN(S(C)(=O)=O)CC2)
CCS(=O)(=O)N1CCC(Nc2ncc(C(=O)c3c(OC)ccc(F)c3F)c(N)n2)CC1,0.5826,0.605,455.5,1.8,3.9,127.5,1.0,0,,,
COc1ccc(F)c(F)c1C(=O)c1cnc(NC2CCN(S(C)(=O)=O)CC2)nc1N,0.5799,0.644,441.5,1.41,3.8,127.5,0.859,0,1.0,ATR,CCS(=O)(=O)N1CCC(Nc2ncc(C(=O)c3c(OC)ccc(F)c3F)c(N)
O=C(C[Se](=O)CCCCO)C(F)(F)F,0.5776,0.589,279.1,1.31,1.8,54.4,0.962,0,2.0,FOLH1,CCCCC[Se](=O)CC(=O)C(F)(F)F
NCCCC[Se](=O)CC(=O)C(F)(F)F,0.5769,0.588,278.1,1.28,1.8,60.2,0.963,0,3.0,FOLH1,CCCCC[Se](=O)CC(=O)C(F)(F)F
O=C(C[Se](=O)CCCCCO)C(F)(F)F,0.574,0.574,293.1,1.7,1.9,54.4,1.0,0,,,
NCCCCC[Se](=O)CC(=O)C(F)(F)F,0.5733,0.573,292.2,1.67,1.9,60.2,1.0,0,,,
CS(=O)(=O)N1CCC(Nc2ncc(C(=O)c3c(OF)ccc(F)c3Cl)c(N)n2)CC1,0.5731,0.626,461.9,2.18,3.8,127.5,0.891,0,1.0,ATR,COc1ccc(F)c(Cl)c1C(=O)c1cnc(NC2CCN(S(C)(=O)=O)CC2)
CS(=O)(=O)N1CCC(Nc2ncc(C(=O)c3c(OF)ccc(Cl)c3F)c(N)n2)CC1,0.5726,0.626,461.9,2.18,3.8,127.5,0.889,0,1.0,ATR,COc1ccc(Cl)c(F)c1C(=O)c1cnc(NC2CCN(S(C)(=O)=O)CC2)
COc1ccccc1C(=O)c1cnc(NC2CCN(S(C)(=O)=O)CC2)nc1N,0.5702,0.685,405.5,1.13,3.5,127.5,0.701,0,2.0,ATR,COc1cccc(F)c1C(=O)c1cnc(NC2CCN(S(C)(=O)=O)CC2)nc1N
CCC[Se](=O)CC(=O)C(F)(F)F,0.5638,0.713,249.1,1.95,1.5,34.1,0.581,0,3.0,FOLH1,CCCC[Se](=O)CC(=O)C(F)(F)F
COc1ccc(F)c(F)c1C(=O)c1cnc(NC2CCN(S(C)(=O)=S)CC2)nc1N,0.5603,0.632,457.5,1.74,3.8,110.4,0.833,0,2.0,ATR,CCS(=O)(=S)N1CCC(Nc2ncc(C(=O)c3c(OC)ccc(F)c3F)c(N)
COc1cccc(Cl)c1C(=O)c1cnc(NC2CCN(S(C)(=O)=O)CC2)nc1N,0.5597,0.652,439.9,1.79,3.6,127.5,0.765,0,1.0,ATR,COc1ccc(F)c(Cl)c1C(=O)c1cnc(NC2CCN(S(C)(=O)=O)CC2)
COc1ccc(F)cc1C(=O)c1cnc(NC2CCN(S(C)(=O)=O)CC2)nc1N,0.5583,0.665,423.5,1.27,3.6,127.5,0.725,0,1.0,ATR,COc1ccc(F)c(Cl)c1C(=O)c1cnc(NC2CCN(S(C)(=O)=O)CC2)
CS(=O)(=O)N1CCC(Nc2ncc(C(=O)c3ccccc3OF)c(N)n2)CC1,0.5572,0.685,409.4,1.39,3.5,127.5,0.662,0,3.0,ATR,COc1ccccc1C(=O)c1cnc(NC2CCN(S(C)(=O)=O)CC2)nc1N
COc1ccc(F)c(F)c1C(=O)c1cnc(NC2CCN(S(=O)(=O)CF)CC2)nc1N,0.554,0.599,459.5,1.71,3.9,127.5,0.921,0,1.0,ATR,CCS(=O)(=O)N1CCC(Nc2ncc(C(=O)c3c(OC)ccc(F)c3F)c(N)
CS(=O)(=O)N1CCC(Nc2ncc(C(=O)c3c(F)cccc3OF)c(N)n2)CC1,0.5531,0.665,427.4,1.53,3.6,127.5,0.71,0,2.0,ATR,COc1cccc(F)c1C(=O)c1cnc(NC2CCN(S(C)(=O)=O)CC2)nc1N
COc1ccc(F)c(Cl)c1C(=O)c1cnc(CC2CCN(S(C)(=O)=O)CC2)nc1N,0.5511,0.663,456.9,2.31,3.8,115.5,0.718,0,1.0,ATR,COc1ccc(F)c(Cl)c1C(=O)c1cnc(NC2CCN(S(C)(=O)=O)CC2)
CCS(=O)(=O)N1CCC(Nc2ncc(C(=O)c3c(F)cccc3OC)c(N)n2)CC1,0.551,0.626,437.5,1.66,3.8,127.5,0.818,0,1.0,ATR,CCS(=O)(=O)N1CCC(Nc2ncc(C(=O)c3c(OC)ccc(F)c3F)c(N)
COc1ccc(Cl)cc1C(=O)c1cnc(NC2CCN(S(C)(=O)=O)CC2)nc1N,0.5503,0.652,439.9,1.79,3.6,127.5,0.735,0,1.0,ATR,COc1ccc(Cl)c(F)c1C(=O)c1cnc(NC2CCN(S(C)(=O)=O)CC2)
COc1ccc(Cl)c(F)c1C(=O)c1cnc(CC2CCN(S(C)(=O)=O)CC2)nc1N,0.5498,0.663,456.9,2.31,3.8,115.5,0.714,0,1.0,ATR,COc1ccc(Cl)c(F)c1C(=O)c1cnc(NC2CCN(S(C)(=O)=O)CC2)
CS(=O)(=O)N1CCC(Nc2ncc(C(=O)c3c(OF)ccc(F)c3F)c(N)n2)CC1,0.5481,0.643,445.4,1.67,3.8,127.5,0.761,0,2.0,ATR,COc1ccc(F)c(F)c1C(=O)c1cnc(NC2CCN(S(C)(=O)=O)CC2)n
NC(=O)CCCCC[Se](=O)CC(=O)C(F)(F)F,0.5448,0.545,320.2,1.59,2.1,77.2,1.0,0,,,
COc1ccc(F)c(Cl)c1C(=O)c1cnc(OC2CCN(S(C)(=O)=O)CC2)nc1N,0.5441,0.65,458.9,1.89,3.8,124.7,0.729,0,1.0,ATR,COc1ccc(F)c(Cl)c1C(=O)c1cnc(NC2CCN(S(C)(=O)=O)CC2)
NC(=O)c1c(Cc2ccc3c(c2)OCO3)c(-c2ccccc2)nn1CC1CCCCC1,0.5422,0.638,417.5,4.55,3.9,79.4,0.766,0,1.0,CHEK2,NC(=O)c1c(Cc2cc3c(cc2Cl)OCO3)c(-c2ccccc2)nn1CC1CCC
O=C(O)c1c(Cc2ccc3c(c2)OCO3)c(-c2cc[nH]c2)nn1CC1CCCCC1,0.5406,0.629,407.5,4.48,3.8,89.4,0.776,0,1.0,CHEK2,O=C(O)c1c(Cc2cc3c(cc2Cl)OCO3)c(-c2cc[nH]c2)nn1CC1C
O=C(O)c1c(Cc2ccc3c(c2)OCO3)c(-c2ccncc2)nn1CC1CCCCC1,0.5363,0.631,419.5,4.54,3.9,86.5,0.766,0,1.0,CHEK2,O=C(O)c1c(Cc2cc3c(cc2Cl)OCO3)c(-c2ccncc2)nn1CC1CCC
NC(=O)c1c(Cc2cc3c(cc2Cl)OCO3)c(-c2ccccc2)nn1CC1CCCCC1,0.5341,0.558,452.0,5.2,4.0,79.4,1.0,1,,,
CN=C1CCc2cc(-c3[nH]c(-c4ccccc4)nc3-c3ccncc3)ccc21,0.5334,0.545,364.5,5.17,3.5,53.9,1.0,1,,,
O=C(O)c1c(Cc2cc3c(cc2Cl)OCO3)c(-c2cc[nH]c2)nn1CC1CCCCC1,0.5324,0.553,441.9,5.13,3.9,89.4,1.0,1,,,
O=C(O)c1c(Cc2cc3c(cc2Cl)OCO3)c(-c2ccncc2)nn1CC1CCCCC1,0.5282,0.552,453.9,5.2,4.0,86.5,1.0,1,,,
COc1ccc2cc(C(=O)N3CC(C)C4C3=CC(=O)c3[nH]c(C(=O)SC)cc34)[nH]c2c1OC,0.5278,0.604,465.5,3.97,4.1,104.5,0.836,0,2.0,MAP2K1,COc1c(O)cc2cc(C(=O)N3CC(C)C4C3=CC(=O)c3[nH]c(C(=O)
CC(=O)Nc1ccoc1.COC(=O)N1CCC(n2ncc3c(N4CCOCC4)ncnc32)CC1,0.5267,0.612,471.5,2.3,4.2,127.8,0.819,0,3.0,MTOR,CCC(=O)Nc1ccoc1.COC(=O)N1CCC(n2ncc3c(N4CCOCC4)ncnc
Cc1nccc(-c2nn(C)cc2Cc2ccccc2OCCN2CCNC(=O)C2)n1,0.5243,0.641,406.5,1.59,3.8,85.2,0.689,0,3.0,EZH2,Cc1nc(Cl)cc(-c2nn(C)cc2Cc2ccccc2OCCN2CCNC(=O)C2)n1
c1cc2c3cnc(Oc4cnc(N5CCNCC5)nc4)nc3n(C3CCCC3)c2cn1,0.5221,0.542,416.5,3.09,3.9,93.9,1.0,0,,,
c1cc2c3cnc(Nc4cnc(N5CCOCC5)nc4)nc3n(C3CCCC3)c2cn1,0.5203,0.541,416.5,3.46,3.9,93.9,1.0,0,,,
COc1ccc2cc(C(=O)N3C[C@H]4C[C@@]45C3=CC(=O)c3c5c(C(=O)SC)c(C)n3C)[nH]c2c1OC,0.5195,0.596,491.6,3.83,4.4,93.6,0.851,0,2.0,MAP2K1,COc1c(O)cc2cc(C(=O)N3C[C@H]4C[C@@]45C3=CC(=O)c3c5c
COc1ccc2cc(C(=O)N3C[C@H]4C[C@@]45C3=CC(=O)c3[nH]c(C)c(C(=O)SC)c35)[nH]c2c1OC,0.5182,0.592,477.5,3.82,4.2,104.5,0.849,0,2.0,MAP2K1,COc1c(O)cc2cc(C(=O)N3C[C@H]4C[C@@]45C3=CC(=O)c3[nH
COc1cc2cc(C(=O)N3CC(C)C4C3=CC(=O)c3[nH]c(C(=O)SC)cc34)[nH]c2c(OC)c1OC,0.5179,0.55,495.6,3.98,4.4,113.7,1.0,0,,,
CCNC(=O)Nc1ccoc1.COC(=O)N1CCC(n2ncc3c(N4CCOCC4)ncnc32)CC1,0.5172,0.553,500.6,2.49,4.5,139.9,1.0,1,,,
CC(=O)Nc1ccsc1.COC(=O)N1CCC(n2ncc3c(N4CCOCC4)ncnc32)CC1,0.5164,0.6,487.6,2.77,4.2,114.7,0.819,0,3.0,MTOR,CCC(=O)Nc1ccsc1.COC(=O)N1CCC(n2ncc3c(N4CCOCC4)ncnc
CCC(=O)Nc1ccoc1.COC(=O)N1CCC(n2ncc3c(N4CCOCC4)ncnc32)CC1,0.5154,0.593,485.5,2.69,4.4,127.8,0.847,0,2.0,MTOR,CNC(=O)Nc1ccoc1.COC(=O)N1CCC(n2ncc3c(N4CCOCC4)ncnc
NC(=O)N=C1CCc2cc(-c3[nH]c(-c4ccccc4)nc3-c3ccncc3)ccc21,0.5143,0.531,393.5,4.62,3.8,97.0,1.0,0,,,
Cl.NC(=O)c1c(Cc2ccoc2)c(-c2ccccc2)nn1CC1CCCCC1.O,0.5121,0.654,417.9,4.01,3.6,105.6,0.609,0,3.0,CHEK2,CO.Cl.NC(=O)c1c(Cc2ccoc2)c(-c2ccccc2)nn1CC1CCCCC1
COc1c(O)ccc2cc(C(=O)N3C[C@H]4C[C@@]45C3=CC(=O)c3c5c(C(=O)SC)c(C)n3C)[nH]c12,0.5103,0.598,477.5,3.53,4.2,104.6,0.803,0,3.0,MAP2K1,COc1ccc2cc(C(=O)N3C[C@H]4C[C@@]45C3=CC(=O)c3c5c(C(
CO.NC(=O)c1c(Cc2ccoc2)c(-c2ccccc2)nn1CC1CCCCC1.[H],0.5098,0.655,396.5,4.13,3.6,94.3,0.6,0,3.0,CHEK2,CO.Cl.NC(=O)c1c(Cc2ccoc2)c(-c2ccccc2)nn1CC1CCCCC1
CC(=O)Nc1ccncc1.COC(=O)N1CCC(n2ncc3c(N4CCOCC4)ncnc32)CC1,0.5095,0.597,482.5,2.11,4.4,127.6,0.814,0,3.0,MTOR,CCC(=O)Nc1ccncc1.COC(=O)N1CCC(n2ncc3c(N4CCOCC4)ncn
CCNC(=O)Nc1ccsc1.COC(=O)N1CCC(n2ncc3c(N4CCOCC4)ncnc32)CC1,0.5072,0.542,516.6,2.96,4.5,126.7,1.0,1,,,
COc1cc2cc(C(=O)N3C[C@H]4C[C@@]45C3=CC(=O)c3c5c(C(=O)SC)c(C)n3C)[nH]c2c(OC)c1OC,0.5064,0.544,521.6,3.84,4.6,102.9,1.0,1,,,
CCCC[Se](=S)CC(=O)C(F)(F)F,0.5054,0.719,279.2,3.11,1.6,17.1,0.405,0,3.0,FOLH1,CCCC[Se](=O)CC(=O)C(F)(F)F
COc1cc2cc(C(=O)N3C[C@H]4C[C@@]45C3=CC(=O)c3[nH]c(C)c(C(=O)SC)c35)[nH]c2c(OC)c1OC,0.5049,0.54,507.6,3.83,4.5,113.7,1.0,1,,,
COc1c(OF)ccc2cc(C(=O)N3CC(C)C4C3=CC(=O)c3[nH]c(C(=O)SC)cc34)[nH]c12,0.5037,0.593,469.5,4.23,4.1,104.5,0.786,0,3.0,MAP2K1,COc1ccc2cc(C(=O)N3CC(C)C4C3=CC(=O)c3[nH]c(C(=O)SC)
Cc1nc(Cl)cc(-c2nn(C)cc2Cc2ccccc2OCCN2CCNC(=O)C2)n1,0.5022,0.567,440.9,2.24,3.9,85.2,0.841,0,2.0,EZH2,Cc1nc(Cl)cc(-c2nn(CF)cc2Cc2ccccc2OCCN2CCNC(=O)C2)n
CCNC(=O)Nc1ccncc1.COC(=O)N1CCC(n2ncc3c(N4CCOCC4)ncnc32)CC1,0.5022,0.54,511.6,2.29,4.6,139.6,1.0,1,,,
COC(=O)N1CCC(n2ncc3c(N4CCOCC4)ncnc32)CC1.COC(=O)Nc1ccoc1,0.5021,0.586,487.5,2.52,4.4,137.1,0.819,0,2.0,MTOR,CNC(=O)Nc1ccoc1.COC(=O)N1CCC(n2ncc3c(N4CCOCC4)ncnc
Cc1nccc(-c2nn(C(F)F)cc2Cc2ccccc2OCCN2CCNC(=O)C2)n1,0.5017,0.577,442.5,2.45,4.0,85.2,0.817,0,1.0,EZH2,Cc1nc(Cl)cc(-c2nn(C(F)F)cc2Cc2ccccc2OCCN2CCNC(=O)C
CCC(=O)Nc1ccsc1.COC(=O)N1CCC(n2ncc3c(N4CCOCC4)ncnc32)CC1,0.5008,0.58,501.6,3.16,4.4,114.7,0.836,1,2.0,MTOR,CNC(=O)Nc1ccsc1.COC(=O)N1CCC(n2ncc3c(N4CCOCC4)ncnc
COC(=O)N1CCC(n2ncc3c(N4CCOCC4)ncnc32)CC1.O=C(O)Nc1ccoc1,0.5001,0.581,473.5,2.44,4.2,148.1,0.819,0,3.0,MTOR,COC(=O)N1CCC(n2ncc3c(N4CCOCC4)ncnc32)CC1.NC(=O)Nc1
COc1c(OF)ccc2cc(C(=O)N3C[C@H]4C[C@@]45C3=CC(=O)c3c5c(C(=O)SC)c(C)n3C)[nH]c12,0.498,0.586,495.5,4.08,4.4,93.6,0.805,0,3.0,MAP2K1,COc1ccc2cc(C(=O)N3C[C@H]4C[C@@]45C3=CC(=O)c3c5c(C(
COc1cc(OF)cc2cc(C(=O)N3C[C@H]4C[C@@]45C3=CC(=O)c3c5c(C(=O)SC)c(C)n3C)[nH]c12,0.4973,0.586,495.5,4.08,4.4,93.6,0.803,0,3.0,MAP2K1,COc1c(O)c(OF)cc2cc(C(=O)N3C[C@H]4C[C@@]45C3=CC(=O)
COC(=O)N1CCC(n2ncc3c(N4CCOCC4)ncnc32)CC1.NC(=O)Nc1ccoc1,0.497,0.581,472.5,1.84,4.2,153.9,0.808,0,2.0,MTOR,CNC(=O)Nc1ccoc1.COC(=O)N1CCC(n2ncc3c(N4CCOCC4)ncnc
COC(=O)N1CCC(n2ncc3c(N4CCOCC4)ncnc32)CC1.O=C(CF)Nc1ccoc1,0.497,0.587,489.5,2.25,4.4,127.9,0.8,0,3.0,MTOR,CCC(=O)Nc1ccoc1.COC(=O)N1CCC(n2ncc3c(N4CCOCC4)ncnc
COc1c(OF)ccc2cc(C(=O)N3C[C@H]4C[C@@]45C3=CC(=O)c3[nH]c(C)c(C(=O)SC)c35)[nH]c12,0.4966,0.582,481.5,4.07,4.2,104.5,0.803,0,3.0,MAP2K1,COc1ccc2cc(C(=O)N3C[C@H]4C[C@@]45C3=CC(=O)c3[nH]c(
CCC(=O)Nc1ccncc1.COC(=O)N1CCC(n2ncc3c(N4CCOCC4)ncnc32)CC1,0.4962,0.579,496.6,2.5,4.5,127.6,0.831,0,2.0,MTOR,CNC(=O)Nc1ccncc1.COC(=O)N1CCC(n2ncc3c(N4CCOCC4)ncn
CNC(=O)Nc1ccoc1.COC(=O)N1CCC(n2ncc3c(N4CCOCC4)ncnc32)CC1,0.4949,0.569,486.5,2.1,4.4,139.9,0.847,0,1.0,MTOR,CCNC(=O)Nc1ccoc1.COC(=O)N1CCC(n2ncc3c(N4CCOCC4)ncn
COC(=O)N1CCC(n2ncc3c(N4CCOCC4)ncnc32)CC1.COC(=O)Nc1ccsc1,0.4916,0.574,503.6,2.99,4.4,123.9,0.819,1,2.0,MTOR,CNC(=O)Nc1ccsc1.COC(=O)N1CCC(n2ncc3c(N4CCOCC4)ncnc
COC(=O)N1CCC(n2ncc3c(N4CCOCC4)ncnc32)CC1.O=C(O)Nc1ccsc1,0.49,0.569,489.6,2.9,4.2,134.9,0.819,0,3.0,MTOR,COC(=O)N1CCC(n2ncc3c(N4CCOCC4)ncnc32)CC1.NC(=O)Nc1
COC(=O)N1CCC(n2ncc3c(N4CCOCC4)ncnc32)CC1.NC(=O)Nc1ccsc1,0.4896,0.572,488.6,2.3,4.2,140.7,0.808,0,2.0,MTOR,CNC(=O)Nc1ccsc1.COC(=O)N1CCC(n2ncc3c(N4CCOCC4)ncnc
O=C1CN(CCOc2ccccc2Cc2cn(C(F)F)nc2-c2ccncn2)CCN1,0.4888,0.592,428.4,2.14,3.9,85.2,0.716,0,2.0,EZH2,Cc1nccc(-c2nn(C(F)F)cc2Cc2ccccc2OCCN2CCNC(=O)C2)n1
COC(=O)N1CCC(n2ncc3c(N4CCOCC4)ncnc32)CC1.O=C(CF)Nc1ccsc1,0.4876,0.576,505.6,2.72,4.4,114.7,0.8,1,3.0,MTOR,CCC(=O)Nc1ccsc1.COC(=O)N1CCC(n2ncc3c(N4CCOCC4)ncnc
CNC(=O)Nc1ccsc1.COC(=O)N1CCC(n2ncc3c(N4CCOCC4)ncnc32)CC1,0.4864,0.56,502.6,2.57,4.4,126.7,0.847,1,1.0,MTOR,CCNC(=O)Nc1ccsc1.COC(=O)N1CCC(n2ncc3c(N4CCOCC4)ncn
COC(=O)N1CCC(n2ncc3c(N4CCOCC4)ncnc32)CC1.COC(=O)Nc1ccncc1,0.4861,0.573,498.5,2.33,4.5,136.8,0.814,0,2.0,MTOR,CNC(=O)Nc1ccncc1.COC(=O)N1CCC(n2ncc3c(N4CCOCC4)ncn
COc1c(O)cc2cc(C(=O)N3C[C@H]4C[C@@]45C3=CC(=O)c3c5c(C(=O)SC)c(C)n3C)[nH]c2c1OC,0.484,0.555,507.6,3.53,4.5,113.9,0.863,1,1.0,MAP2K1,COc1cc2cc(C(=O)N3C[C@H]4C[C@@]45C3=CC(=O)c3c5c(C(=
NCCCCC[Se](=S)CC(=O)C(F)(F)F,0.4834,0.58,308.2,2.44,1.9,43.1,0.667,0,1.0,FOLH1,NCCCCC[Se](=O)CC(=O)C(F)(F)F
O=C1CNCCN1Cc1ccc(Oc2ncc3c4ccncc4n(C4CCCC4)c3n2)nc1,0.4813,0.506,443.5,3.21,4.1,98.1,1.0,0,,,
COc1c(OF)cc2cc(C(=O)N3CC(C)C4C3=CC(=O)c3[nH]c(C(=O)SC)cc34)[nH]c2c1OC,0.4812,0.54,499.5,4.24,4.4,113.7,0.894,0,1.0,MAP2K1,COc1cc2cc(C(=O)N3CC(C)C4C3=CC(=O)c3[nH]c(C(=O)SC)c
O=C(O)CCCCC[Se](=O)CC(=O)C(F)(F)F,0.4807,0.549,321.2,2.18,2.1,71.4,0.75,0,1.0,FOLH1,NC(=O)CCCCC[Se](=O)CC(=O)C(F)(F)F
O=C1CCc2cc(-c3[nH]c(-c4ccccc4)nc3-c3ccncc3)ccc21,0.4806,0.569,351.4,4.93,3.4,58.6,0.717,0,2.0,BRAF,N=C1CCc2cc(-c3[nH]c(-c4ccccc4)nc3-c3ccncc3)ccc21
Cc1nc(Cl)cc(-c2nn(C(F)F)cc2Cc2ccccc2OCCN2CCNC(=O)C2)n1,0.4786,0.503,476.9,3.1,4.1,85.2,1.0,0,,,
O=C(O)c1c(Cc2ccc3c(c2)OCO3)c(-c2ccccc2)nn1CC1CCCCC1,0.4779,0.599,418.5,5.15,3.9,73.6,0.657,1,2.0,CHEK2,NC(=O)c1c(Cc2ccc3c(c2)OCO3)c(-c2ccccc2)nn1CC1CCCCC
O=Cc1c(Cc2ccc3c(c2)OCO3)c(-c2cc[nH]c2)nn1CC1CCCCC1,0.4778,0.624,391.5,4.59,3.6,69.1,0.573,0,2.0,CHEK2,O=C(O)c1c(Cc2ccc3c(c2)OCO3)c(-c2cc[nH]c2)nn1CC1CCC
C=O.Cl.NC(=O)c1c(Cc2ccoc2)c(-c2ccccc2)nn1CC1CCCCC1,0.4776,0.617,429.9,4.65,3.8,91.1,0.6,0,3.0,CHEK2,CO.Cl.NC(=O)c1c(Cc2ccoc2)c(-c2ccccc2)nn1CC1CCCCC1
COc1c(O)ccc2cc(C(=O)N3CC(C)C4C3=CC(=O)c3[nH]c(C(=O)SC)cc34)[nH]c12,0.4775,0.56,451.5,3.67,4.0,115.5,0.783,0,3.0,MAP2K1,COc1ccc2cc(C(=O)N3CC(C)C4C3=CC(=O)c3[nH]c(C(=O)SC)
COc1c(OF)cc2cc(C(=O)N3C[C@H]4C[C@@]45C3=CC(=O)c3c5c(C(=O)SC)c(C)n3C)[nH]c2c1OC,0.4741,0.535,525.6,4.09,4.6,102.9,0.904,1,1.0,MAP2K1,COc1cc2cc(C(=O)N3C[C@H]4C[C@@]45C3=CC(=O)c3c5c(C(=
Cc1nccc(-c2nn(CF)cc2Cc2ccccc2OCCN2CCNC(=O)C2)n1,0.4738,0.595,424.5,1.98,3.9,85.2,0.654,0,2.0,EZH2,Cc1nccc(-c2nn(C(F)F)cc2Cc2ccccc2OCCN2CCNC(=O)C2)n1
COc1c(OF)cc2cc(C(=O)N3C[C@H]4C[C@@]45C3=CC(=O)c3[nH]c(C)c(C(=O)SC)c35)[nH]c2c1OC,0.4724,0.531,511.5,4.08,4.5,113.7,0.903,1,1.0,MAP2K1,COc1cc2cc(C(=O)N3C[C@H]4C[C@@]45C3=CC(=O)c3[nH]c(C
COc1c(O)c(OF)cc2cc(C(=O)N3C[C@H]4C[C@@]45C3=CC(=O)c3c5c(C(=O)SC)c(C)n3C)[nH]c12,0.4694,0.548,511.5,3.79,4.5,113.9,0.831,1,2.0,MAP2K1,COc1c(OF)cc2cc(C(=O)N3C[C@H]4C[C@@]45C3=CC(=O)c3c5
O=C(C[Se](=O)CCCF)C(F)(F)F,0.469,0.563,267.1,1.9,1.6,34.1,0.667,0,3.0,FOLH1,CCCC[Se](=O)CC(=O)C(F)(F)F
COc1c(O)ccc2cc(C(=O)N3C[C@H]4C[C@@]45C3=CC(=O)c3[nH]c(C)c(C(=O)SC)c35)[nH]c12,0.469,0.548,463.5,3.52,4.1,115.5,0.8,0,3.0,MAP2K1,COc1ccc2cc(C(=O)N3C[C@H]4C[C@@]45C3=CC(=O)c3[nH]c(
Cn1cc(Cc2ccccc2OCCN2CCNC(=O)C2)c(-c2cc(Cl)ncn2)n1,0.4686,0.581,426.9,1.93,3.8,85.2,0.667,0,3.0,EZH2,Cc1nc(Cl)cc(-c2nn(C)cc2Cc2ccccc2OCCN2CCNC(=O)C2)n1
CO.Cl.NC(=O)c1c(Cc2ccoc2)c(-c2ccccc2)nn1CC1CCCCC1,0.4666,0.603,432.0,4.44,3.8,94.3,0.6,0,2.0,CHEK2,Cl.NC(=O)c1c(Cc2ccoc2)c(-c2ccccc2)nn1CC1CCCCC1.OCO
CC(=O)N=C1CCc2cc(-c3[nH]c(-c4ccccc4)nc3-c3ccncc3)ccc21,0.4662,0.528,392.5,5.09,3.8,71.0,0.825,1,1.0,BRAF,NC(=O)N=C1CCc2cc(-c3[nH]c(-c4ccccc4)nc3-c3ccncc3)c
COc1c(OF)c(O)cc2cc(C(=O)N3C[C@H]4C[C@@]45C3=CC(=O)c3c5c(C(=O)SC)c(C)n3C)[nH]c12,0.4661,0.548,511.5,3.79,4.5,113.9,0.818,1,2.0,MAP2K1,COc1c(O)cc2cc(C(=O)N3C[C@H]4C[C@@]45C3=CC(=O)c3c5c
FN=C1CCc2cc(-c3[nH]c(-c4ccccc4)nc3-c3ccncc3)ccc21,0.4639,0.524,368.4,5.43,3.5,53.9,0.808,1,1.0,BRAF,CN=C1CCc2cc(-c3[nH]c(-c4ccccc4)nc3-c3ccncc3)ccc21
O=Cc1c(Cc2cc3c(cc2Cl)OCO3)c(-c2cc[nH]c2)nn1CC1CCCCC1,0.4639,0.548,425.9,5.24,3.8,69.1,0.75,1,1.0,CHEK2,O=C(O)c1c(Cc2cc3c(cc2Cl)OCO3)c(-c2cc[nH]c2)nn1CC1C
CCCCC[Se](=O)CC(=O)C(F)(F)F,0.4632,0.552,277.1,2.73,1.8,34.1,0.677,0,1.0,FOLH1,O=C(C[Se](=O)CCCCCO)C(F)(F)F
O=C1CN(CCOc2ccccc2Cc2cn(CF)nc2-c2ccncn2)CCN1,0.4614,0.608,410.5,1.67,3.8,85.2,0.568,0,3.0,EZH2,O=C1CN(CCOc2ccccc2Cc2cn(C(F)F)nc2-c2ccncn2)CCN1
Cc1cn(C(F)F)nc1-c1ccncn1.O=C1CN(CCOc2ccoc2)CCN1,0.4611,0.652,420.4,2.13,3.8,98.3,0.461,0,3.0,EZH2,O=C1CN(CCOc2ccccc2Cc2cn(C(F)F)nc2-c2ccncn2)CCN1
COc1c(OF)c(OF)cc2cc(C(=O)N3CC(C)C4C3=CC(=O)c3[nH]c(C(=O)SC)cc34)[nH]c12,0.4598,0.527,503.5,4.49,4.4,113.7,0.853,1,2.0,MAP2K1,COc1c(OF)cc2cc(C(=O)N3CC(C)C4C3=CC(=O)c3[nH]c(C(=O
Cc1cn(C(F)F)nc1-c1ccncn1.O=C1CN(CCOc2ccncc2)CCN1,0.4579,0.637,431.4,1.94,3.9,98.1,0.494,0,3.0,EZH2,O=C1CN(CCOc2ccccc2Cc2cn(C(F)F)nc2-c2ccncn2)CCN1
CO.Cl.NC(=O)c1c(Cc2ccoc2)c(-c2ccoc2)nn1CC1CCCCC1,0.4576,0.624,421.9,4.04,3.6,107.4,0.507,0,3.0,CHEK2,CO.Cl.NC(=O)c1c(Cc2ccoc2)c(-c2ccccc2)nn1CC1CCCCC1
O=C(O)c1c(Cc2cc3c(cc2Cl)OCO3)c(-c2ccccc2)nn1CC1CCCCC1,0.4566,0.511,452.9,5.8,4.0,73.6,0.867,1,1.0,CHEK2,NC(=O)c1c(Cc2cc3c(cc2Cl)OCO3)c(-c2ccccc2)nn1CC1CCC
Cl.NC(=O)c1c(Cc2ccoc2)c(-c2ccccc2)nn1CC1CCCCC1.OF,0.454,0.586,435.9,4.7,3.8,94.3,0.6,0,3.0,CHEK2,CO.Cl.NC(=O)c1c(Cc2ccoc2)c(-c2ccccc2)nn1CC1CCCCC1
C.Cl.NC(=O)c1c(Cc2ccoc2)c(-c2ccccc2)nn1CC1CCCCC1,0.4536,0.579,416.0,5.47,3.6,74.1,0.609,1,3.0,CHEK2,CO.Cl.NC(=O)c1c(Cc2ccoc2)c(-c2ccccc2)nn1CC1CCCCC1
Cc1nc(Cl)cc(-c2nn(CF)cc2Cc2ccccc2OCCN2CCNC(=O)C2)n1,0.4519,0.522,458.9,2.63,4.0,85.2,0.808,0,1.0,EZH2,Cc1nc(Cl)cc(-c2nn(C(F)F)cc2Cc2ccccc2OCCN2CCNC(=O)C
CCCC[Se](=O)CC(=O)C(F)F,0.4502,0.671,245.1,2.04,1.5,34.1,0.342,0,3.0,FOLH1,CCCC[Se](=O)CC(=O)C(F)(F)F
CCCCCC[Se](=O)CC(=O)C(F)(F)F,0.4499,0.533,291.2,3.12,1.9,34.1,0.688,0,1.0,FOLH1,NCCCCC[Se](=O)CC(=O)C(F)(F)F
O=C1CN(CCOc2ccccc2Cc2cn(C(F)F)nc2-c2ccnc(O)n2)CCN1,0.4496,0.546,444.4,1.84,4.0,105.4,0.72,0,2.0,EZH2,Cc1nccc(-c2nn(C(F)F)cc2Cc2ccccc2OCCN2CCNC(=O)C2)n1
O=Nc1c(Cc2ccc3c(c2)OCO3)c(-c2cc[nH]c2)nn1CC1CCCCC1,0.449,0.586,392.5,5.18,3.6,81.5,0.573,1,3.0,CHEK2,O=Cc1c(Cc2ccc3c(c2)OCO3)c(-c2cc[nH]c2)nn1CC1CCCCC1
Nc1nccc(-c2nn(C(F)F)cc2Cc2ccccc2OCCN2CCNC(=O)C2)n1,0.4489,0.545,443.5,1.72,4.0,111.2,0.72,0,2.0,EZH2,Cc1nccc(-c2nn(C(F)F)cc2Cc2ccccc2OCCN2CCNC(=O)C2)n1
CO.Cl.NC(=O)c1c(Cc2ccoc2)c(-c2ccncc2)nn1CC1CCCCC1,0.4483,0.615,433.0,3.84,3.8,107.2,0.507,0,3.0,CHEK2,CO.Cl.NC(=O)c1c(Cc2ccoc2)c(-c2ccccc2)nn1CC1CCCCC1
Cc1nccc(-c2nn(C(F)F)cc2Cc2ccoc2)n1.O=C1CN(CCO)CCN1,0.445,0.607,434.4,1.64,3.9,109.3,0.523,0,2.0,EZH2,Cc1nccc(-c2nn(C(F)F)cc2Cc2ccccc2OCCN2CCNC(=O)C2)n1
O=C1CN(CCOc2ccccc2Cc2cn(C(F)F)nc2-c2cc(Cl)ncn2)CCN1,0.4442,0.518,462.9,2.79,4.0,85.2,0.792,0,1.0,EZH2,Cc1nc(Cl)cc(-c2nn(C(F)F)cc2Cc2ccccc2OCCN2CCNC(=O)C
CC(=O)CCCCC[Se](=O)CC(=O)C(F)(F)F,0.4409,0.51,319.2,2.69,2.1,51.2,0.727,0,1.0,FOLH1,NC(=O)CCCCC[Se](=O)CC(=O)C(F)(F)F
OC(=S)c1c(Cc2ccc3c(c2)OCO3)c(-c2cc[nH]c2)nn1CC1CCCCC1,0.4362,0.545,423.5,5.01,3.8,72.3,0.653,1,2.0,CHEK2,O=C(O)c1c(Cc2ccc3c(c2)OCO3)c(-c2cc[nH]c2)nn1CC1CCC
NCCCC[Se](=S)CC(=O)C(F)(F)F,0.4312,0.602,294.2,2.05,1.8,43.1,0.432,0,3.0,FOLH1,NCCCC[Se](=O)CC(=O)C(F)(F)F
C=CCC[Se](=O)CC(=O)C(F)(F)F,0.4288,0.561,261.1,2.12,1.6,34.1,0.529,0,3.0,FOLH1,CCCC[Se](=O)CC(=O)C(F)(F)F
NCCCCC[Se](=O)CC(=O)C(F)F,0.4264,0.537,274.2,1.37,1.8,60.2,0.588,0,1.0,FOLH1,NCCCCC[Se](=O)CC(=O)C(F)(F)F
c1cc2c3cnc(Cc4cnc(N5CCOCC5)nc4)nc3n(C3CCCC3)c2cn1,0.4133,0.506,415.5,3.31,3.9,81.9,0.698,0,1.0,CDK6,c1cc2c3cnc(Nc4cnc(N5CCOCC5)nc4)nc3n(C3CCCC3)c2cn1
O=C1CNCCN1Oc1ccc(Oc2ncc3c4ccncc4n(C4CCCC4)c3n2)nc1,0.4112,0.5,445.5,3.01,4.1,107.3,0.73,0,1.0,CDK6,O=C1CNCCN1Cc1ccc(Oc2ncc3c4ccncc4n(C4CCCC4)c3n2)nc1
c1cc2c3cnc(Oc4cnc(N5CCOCC5)nc4)nc3n(C3CCCC3)c2cn1,0.4072,0.498,417.5,3.51,3.9,91.1,0.698,0,1.0,CDK6,c1cc2c3cnc(Nc4cnc(N5CCOCC5)nc4)nc3n(C3CCCC3)c2cn1
c1cc2c3cnc(Sc4cnc(N5CCNCC5)nc4)nc3n(C3CCCC3)c2cn1,0.3988,0.491,432.6,3.45,3.9,84.7,0.688,0,1.0,CDK6,c1cc2c3cnc(Oc4cnc(N5CCNCC5)nc4)nc3n(C3CCCC3)c2cn1
O=C1CNCCN1Nc1ccc(Oc2ncc3c4ccncc4n(C4CCCC4)c3n2)nc1,0.3957,0.483,444.5,3.04,4.1,110.1,0.72,0,1.0,CDK6,O=C1CNCCN1Cc1ccc(Oc2ncc3c4ccncc4n(C4CCCC4)c3n2)nc1
S=C1CNCCN1Cc1ccc(Oc2ncc3c4ccncc4n(C4CCCC4)c3n2)nc1,0.3928,0.448,459.6,4.01,4.1,81.0,0.841,0,1.0,CDK6,O=C1CNCCN1Cc1ccc(Oc2ncc3c4ccncc4n(C4CCCC4)c3n2)nc1
c1cc2c3cnc(Sc4cnc(N5CCOCC5)nc4)nc3n(C3CCCC3)c2cn1,0.3668,0.449,433.5,3.87,3.9,81.9,0.698,0,2.0,CDK6,c1cc2c3cnc(Oc4cnc(N5CCOCC5)nc4)nc3n(C3CCCC3)c2cn1
CN1CCNCC1=O.c1cc2c3cncnc3n(C3CCCC3)c2cn1.c1ccoc1,0.362,0.508,420.5,3.42,3.9,89.1,0.482,0,3.0,CDK6,CN1CCNCC1=O.c1cc2c3cncnc3n(C3CCCC3)c2cn1.c1ccccc1
CN1CCNCC1=O.c1cc2c3cncnc3n(C3CCCC3)c2cn1.c1ccccc1,0.3596,0.497,430.6,3.83,4.0,75.9,0.513,0,2.0,CDK6,CN1CCNCC1=O.Oc1ncc2c3ccncc3n(C3CCCC3)c2n1.c1ccccc1
CN1CCNCC1=O.c1cc2c3cncnc3n(C3CCCC3)c2cn1.c1ccncc1,0.3559,0.498,431.5,3.22,4.0,88.8,0.494,0,3.0,CDK6,CN1CCNCC1=O.c1cc2c3cncnc3n(C3CCCC3)c2cn1.c1ccccc1
O=C1CNCCN1.c1cc2c3cncnc3n(C3CCCC3)c2cn1.c1ccccc1,0.349,0.496,416.5,3.49,3.9,84.7,0.462,0,3.0,CDK6,CN1CCNCC1=O.c1cc2c3cncnc3n(C3CCCC3)c2cn1.c1ccccc1
S=C1CNCCN1Oc1ccc(Oc2ncc3c4ccncc4n(C4CCCC4)c3n2)nc1,0.348,0.446,461.6,3.81,4.1,90.2,0.641,0,2.0,CDK6,O=C1CNCCN1Oc1ccc(Oc2ncc3c4ccncc4n(C4CCCC4)c3n2)nc1
CN1CCNCC1=O.Oc1ncc2c3ccncc3n(C3CCCC3)c2n1.c1ccccc1,0.3428,0.464,446.6,3.53,4.1,96.2,0.551,0,1.0,CDK6,O=C1CNCCN1Cc1ccc(Oc2ncc3c4ccncc4n(C4CCCC4)c3n2)nc1
CN1CCNCC1=O.Oc1ncc2c3ccncc3n(C3CCCC3)c2n1.c1ccoc1,0.3427,0.472,436.5,3.13,4.0,109.3,0.518,0,2.0,CDK6,CN1CCNCC1=O.Oc1ncc2c3ccncc3n(C3CCCC3)c2n1.c1ccccc1
CN1CCNCC1=O.Oc1ncc2c3ccncc3n(C3CCCC3)c2n1.c1ccncc1,0.3364,0.462,447.5,2.93,4.1,109.1,0.531,0,2.0,CDK6,CN1CCNCC1=O.Oc1ncc2c3ccncc3n(C3CCCC3)c2n1.c1ccccc1
S=C1CNCCN1Nc1ccc(Oc2ncc3c4ccncc4n(C4CCCC4)c3n2)nc1,0.3349,0.431,460.6,3.84,4.1,93.0,0.633,0,2.0,CDK6,O=C1CNCCN1Nc1ccc(Oc2ncc3c4ccncc4n(C4CCCC4)c3n2)nc1
O=C1CNCCN1F.c1cc2c3cncnc3n(C3CCCC3)c2cn1.c1ccccc1,0.3308,0.457,434.5,4.08,4.0,75.9,0.513,0,3.0,CDK6,CN1CCNCC1=O.c1cc2c3cncnc3n(C3CCCC3)c2cn1.c1ccccc1
