drug1,drug2,combo_hr,best_single_hr,combo_benefit,ttp_months,nadir_pct
Temsirolimus,Nutlin-3a (-),0.3431,0.5172,0.1741,20.1,82.5
Temsirolimus,IGF1R_3801,0.35,0.5172,0.1672,19.7,81.5
Temsirolimus,AZD8186,0.3506,0.5172,0.1666,19.7,81.6
Temsirolimus,Cytarabine,0.3518,0.5172,0.1654,19.6,81.5
Temsirolimus,CPI-637,0.3571,0.5172,0.1601,19.3,80.7
Temsirolimus,CHIR-99021,0.3584,0.5172,0.1588,19.3,80.4
Temsirolimus,PD0325901,0.3621,0.5172,0.1551,19.1,80.9
Temsirolimus,Schweinfurthin A,0.3633,0.5172,0.1539,19.0,79.8
Temsirolimus,Tozasertib,0.3652,0.5172,0.152,18.9,79.2
Temsirolimus,743380,0.3723,0.5172,0.1449,18.5,79.6
Temsirolimus,Dacarbazine,0.375,0.5172,0.1422,18.4,79.0
Nutlin-3a (-),IGF1R_3801,0.377,0.5932,0.2162,18.3,77.9
Nutlin-3a (-),AZD8186,0.3784,0.5932,0.2148,18.2,77.8
Nutlin-3a (-),Cytarabine,0.3797,0.5932,0.2135,18.2,77.7
Temsirolimus,Uprosertib,0.386,0.5172,0.1312,17.9,77.9
Nutlin-3a (-),CPI-637,0.386,0.5932,0.2072,17.9,76.7
Nutlin-3a (-),CHIR-99021,0.3867,0.5932,0.2065,17.8,76.5
IGF1R_3801,AZD8186,0.3867,0.6087,0.222,17.8,76.6
IGF1R_3801,Cytarabine,0.3882,0.6087,0.2205,17.8,76.5
Tozasertib,PD0325901,0.3911,0.6213,0.2302,17.6,76.5
Temsirolimus,Acetalax,0.3918,0.5172,0.1254,17.6,77.0
AZD8186,Cytarabine,0.3925,0.6383,0.2458,17.6,76.1
Nutlin-3a (-),Schweinfurthin A,0.3925,0.5932,0.2007,17.6,75.7
Nutlin-3a (-),Tozasertib,0.3933,0.5932,0.1999,17.5,75.3
IGF1R_3801,CPI-637,0.3955,0.6087,0.2132,17.4,75.4
IGF1R_3801,CHIR-99021,0.3962,0.6087,0.2125,17.4,75.1
AZD8186,CHIR-99021,0.3977,0.6383,0.2406,17.3,75.1
AZD8186,CPI-637,0.3977,0.6383,0.2406,17.3,75.2
Nutlin-3a (-),PD0325901,0.3992,0.5932,0.194,17.3,76.0
CHIR-99021,Cytarabine,0.4,0.6481,0.2481,17.2,74.9
Cytarabine,CPI-637,0.4008,0.6562,0.2554,17.2,74.9
Tozasertib,Cytarabine,0.4015,0.6213,0.2198,17.2,74.3
IGF1R_3801,PD0325901,0.4023,0.6087,0.2064,17.1,75.5
Tozasertib,AZD8186,0.4023,0.6213,0.219,17.1,74.1
IGF1R_3801,Schweinfurthin A,0.4023,0.6087,0.2064,17.1,74.2
AZD8186,Schweinfurthin A,0.4038,0.6383,0.2345,17.1,74.3
Cytarabine,Schweinfurthin A,0.4054,0.6562,0.2508,17.0,74.1
Tozasertib,743380,0.4054,0.6213,0.2159,17.0,74.7
IGF1R_3801,Tozasertib,0.4062,0.6087,0.2025,17.0,73.4
CHIR-99021,CPI-637,0.407,0.6481,0.2411,17.0,73.8
Nutlin-3a (-),743380,0.4126,0.5932,0.1806,16.7,74.3
Tozasertib,CPI-637,0.4126,0.6213,0.2087,16.7,72.6
CPI-637,Schweinfurthin A,0.4134,0.6604,0.247,16.7,72.9
CHIR-99021,Schweinfurthin A,0.4142,0.6481,0.2339,16.7,72.7
Nutlin-3a (-),Dacarbazine,0.4142,0.5932,0.179,16.7,73.8
Tozasertib,CHIR-99021,0.4158,0.6213,0.2055,16.6,72.1
IGF1R_3801,743380,0.4158,0.6087,0.1929,16.6,73.7
Tozasertib,Uprosertib,0.4175,0.6213,0.2038,16.5,73.2
Tozasertib,Dacarbazine,0.4183,0.6213,0.203,16.5,72.7
IGF1R_3801,Dacarbazine,0.42,0.6087,0.1887,16.4,72.8
CHIR-99021,PD0325901,0.4225,0.6481,0.2256,16.3,72.9
Tozasertib,Schweinfurthin A,0.4225,0.6213,0.1988,16.3,71.1
AZD8186,PD0325901,0.4251,0.6383,0.2132,16.2,72.7
Schweinfurthin A,PD0325901,0.4268,0.6625,0.2357,16.2,72.2
Temsirolimus,GSK343,0.4277,0.5172,0.0895,16.1,70.9
Tozasertib,Acetalax,0.4286,0.6213,0.1927,16.1,71.5
Nutlin-3a (-),Uprosertib,0.4321,0.5932,0.1611,16.0,71.9
CPI-637,PD0325901,0.4321,0.6604,0.2283,16.0,71.7
IGF1R_3801,Uprosertib,0.4348,0.6087,0.1739,15.9,71.4
Cytarabine,PD0325901,0.4375,0.6562,0.2187,15.8,71.2
CHIR-99021,743380,0.4375,0.6481,0.2106,15.8,70.9
Nutlin-3a (-),Acetalax,0.4384,0.5932,0.1548,15.7,70.9
AZD8186,Dacarbazine,0.4393,0.6383,0.199,15.7,70.5
AZD8186,743380,0.4403,0.6383,0.198,15.7,70.7
CHIR-99021,Dacarbazine,0.4403,0.6481,0.2078,15.7,70.2
Schweinfurthin A,743380,0.4421,0.6625,0.2204,15.6,70.1
IGF1R_3801,Acetalax,0.4421,0.6087,0.1666,15.6,70.2
Schweinfurthin A,Dacarbazine,0.4459,0.6625,0.2166,15.5,69.4
CPI-637,743380,0.4487,0.6604,0.2117,15.4,69.5
CPI-637,Dacarbazine,0.4487,0.6604,0.2117,15.4,69.2
Cytarabine,Dacarbazine,0.4506,0.6562,0.2056,15.3,69.1
Cytarabine,743380,0.4536,0.6562,0.2026,15.2,69.0
CHIR-99021,Uprosertib,0.4595,0.6481,0.1886,15.0,68.1
AZD8186,Uprosertib,0.4646,0.6383,0.1737,14.8,67.6
Schweinfurthin A,Uprosertib,0.4656,0.6625,0.1969,14.8,67.3
CHIR-99021,Acetalax,0.4677,0.6481,0.1804,14.8,66.9
AZD8186,Acetalax,0.4709,0.6383,0.1674,14.7,66.6
Schweinfurthin A,Acetalax,0.473,0.6625,0.1895,14.6,66.1
Nutlin-3a (-),GSK343,0.473,0.5932,0.1202,14.6,64.8
CPI-637,Uprosertib,0.474,0.6604,0.1864,14.6,66.3
CPI-637,Acetalax,0.4805,0.6604,0.1799,14.4,65.2
Cytarabine,Uprosertib,0.4828,0.6562,0.1734,14.3,65.4
IGF1R_3801,GSK343,0.485,0.6087,0.1237,14.2,63.0
Cytarabine,Acetalax,0.4872,0.6562,0.169,14.2,64.6
AZD8186,GSK343,0.4953,0.6383,0.143,13.9,62.0
Tozasertib,GSK343,0.5036,0.6213,0.1177,13.7,60.0
Cytarabine,GSK343,0.5036,0.6562,0.1526,13.7,61.1
CHIR-99021,GSK343,0.506,0.6481,0.1421,13.6,60.3
CPI-637,GSK343,0.5085,0.6604,0.1519,13.6,60.1
Schweinfurthin A,GSK343,0.5147,0.6625,0.1478,13.4,59.1
GSK343,PD0325901,0.5949,0.6625,0.0676,11.6,51.1
Dacarbazine,PD0325901,0.6122,0.6885,0.0763,11.3,50.1
GSK343,Dacarbazine,0.6195,0.6625,0.043,11.1,47.9
GSK343,743380,0.6287,0.6625,0.0338,11.0,47.3
743380,Dacarbazine,0.6502,0.6863,0.0361,10.6,45.8
743380,PD0325901,0.6604,0.6863,0.0259,10.4,45.2
GSK343,Uprosertib,0.6931,0.6625,-0.0306,10.0,40.3
GSK343,Acetalax,0.7,0.6625,-0.0375,9.9,39.5
Uprosertib,Acetalax,0.7023,0.7071,0.0048,9.8,17.8
Uprosertib,743380,0.7216,0.6863,-0.0353,9.6,30.0
Acetalax,743380,0.7241,0.6863,-0.0378,9.5,30.9
Uprosertib,Dacarbazine,0.7266,0.6885,-0.0381,9.5,36.0
Acetalax,Dacarbazine,0.7292,0.6885,-0.0407,9.5,36.6
Uprosertib,PD0325901,0.7317,0.6954,-0.0363,9.4,35.2
Acetalax,PD0325901,0.7317,0.6954,-0.0363,9.4,36.0
