drug,hr,ttp_months,nadir_pct,tail_kill,ec50_min,ec50_max,cmax_approx,source,category,score,reasons,filtered_rank
Cytarabine,0.6562,10.5,42.8,0.063809,1.7078,63.1708,30.9282,prostate,CYTOTOXIC,3,Cytotoxic,1
SB590885,0.6667,10.3,6.3,0.052973,51.5846,363.0829,182.9083,prostate,RELEVANT,2,BRAF mutated 1.2% mCRPC; BRAF in cancer pathway,2
JAK_8517,0.6667,10.3,10.5,0.013936,4.598,226.1662,27.1857,prostate,RELEVANT,2,JAK1 mutated 2.6% mCRPC; JAK1 in cancer pathway,3
Docetaxel,0.6688,10.3,5.9,0.008727,0.0038,0.23,0.0205,prostate,CYTOTOXIC,3,Cytotoxic,4
GSK2276186C,0.6709,10.3,12.8,0.04759,43.4646,503.4916,246.1376,prostate,RELEVANT,2,JAK1 mutated 2.6% mCRPC; JAK1 in cancer pathway,5
AZD7762,0.6709,10.3,14.0,0.02887,0.7156,18.4489,5.2195,prostate,RELEVANT,2,CHEK2 mutated 1.4% mCRPC; CHEK2 in cancer pathway,6
P22077,0.6731,10.2,6.0,0.146445,20.5538,605.7433,317.7049,prostate,RELEVANT,2,USP7 mutated 3.0% mCRPC; USP7 in cancer pathway,7
PLX-4720,0.6731,10.2,11.8,0.053788,103.2763,622.2058,328.1046,prostate,RELEVANT,2,BRAF mutated 1.2% mCRPC; BRAF in cancer pathway,8
GSK2578215A,0.6731,10.2,14.0,0.038243,45.9503,699.5778,261.3043,prostate,RELEVANT,2,LRRK2 mutated 4.4% mCRPC,9
Foretinib,0.6731,10.2,14.5,0.020319,1.5636,52.6906,8.985,prostate,RELEVANT,2,MET mutated 1.6% mCRPC; MET in cancer pathway,10
Temozolomide,0.6796,10.2,6.2,0.046653,435.487,2329.1936,1103.8005,prostate,CYTOTOXIC,3,Cytotoxic,11
Dabrafenib,0.6796,10.2,16.8,0.049245,55.6255,563.1379,251.5966,prostate,RELEVANT,2,BRAF mutated 1.2% mCRPC; BRAF in cancer pathway,12
Fludarabine,0.6796,10.2,18.2,0.040349,43.6163,614.3225,220.5101,prostate,CYTOTOXIC,3,Cytotoxic,13
Paclitaxel,0.6931,10.0,22.7,0.137365,0.0155,0.5503,0.1021,prostate,CYTOTOXIC,3,Cytotoxic,14
MIRA-1,0.7071,9.8,5.3,0.043746,200.8239,992.5673,438.7306,prostate,HIGHLY_RELEVANT,4,TP53 mutated 37% mCRPC; TP53 in cancer pathway,15
Temsirolimus,0.725,13.3,59.0,0.048351,0.0849,24.1711,6.285,prostate,RELEVANT,2,MTOR mutated 1.6% mCRPC; MTOR in cancer pathway,16
MK-8776,0.7317,9.4,4.3,0.02504,21.5179,181.5661,48.2138,prostate,RELEVANT,2,CHEK2 mutated 1.4% mCRPC; CHEK2 in cancer pathway,17
Savolitinib,0.742,9.3,3.8,0.128379,7.3122,49.5324,28.4268,prostate,RELEVANT,2,MET mutated 1.6% mCRPC; MET in cancer pathway,18
Cisplatin,0.75,9.2,4.0,0.014846,13.7262,179.1929,28.3112,prostate,CYTOTOXIC,3,Cytotoxic,19
KU-55933,0.7527,9.2,3.2,0.043243,100.7373,605.7799,281.5637,prostate,HIGHLY_RELEVANT,3,ATM mutated 5.9% mCRPC; ATM in cancer pathway,20
Vinblastine,0.7527,9.2,3.5,0.01791,0.0086,0.1023,0.0194,prostate,CYTOTOXIC,3,Cytotoxic,21
Staurosporine,0.7807,8.8,3.3,0.015253,0.0723,0.6935,0.116,prostate,CYTOTOXIC,3,Cytotoxic,22
Nutlin-3a (-),0.7966,11.6,49.6,0.036507,5.4,797.7663,170.2055,prostate,MARGINAL,1,MDM2 in cancer pathway,23
JAK1_8709,0.8046,8.6,2.7,0.026059,70.3423,290.5638,84.3529,prostate,RELEVANT,2,JAK1 mutated 2.6% mCRPC; JAK1 in cancer pathway,24
Tozasertib,0.81065,11.1,45.3,0.007702,0.0915,191.6884,9.9621,all_cancer,MARGINAL,1,AURKA in cancer pathway,25
Bicalutamide,0.8108,8.5,1.6,0.124485,26.9704,478.0142,114.7671,all_cancer,HIGHLY_RELEVANT,5,AR mutated 14% mCRPC; AR prostate-enriched (3x); AR in cancer pathway,26
Methotrexate,0.8171,8.4,1.8,0.120649,0.3803,7.2332,1.4355,prostate,CYTOTOXIC,3,Cytotoxic,27
Oxaliplatin,0.8171,8.4,0.9,0.139124,8.4722,1087.0715,87.6161,prostate,CYTOTOXIC,3,Cytotoxic,28
Ruxolitinib,0.8235,8.4,1.6,0.100466,121.4901,579.6294,233.343,prostate,RELEVANT,2,JAK1 mutated 2.6% mCRPC; JAK1 in cancer pathway,29
ULK1_4989,0.8323,10.4,8.7,0.01819,3.2724,94.5166,15.6662,prostate,MARGINAL,1,ULK1 mutated 1.2% mCRPC,30
Cediranib,0.8323,10.4,7.1,0.02308,5.4408,99.4865,21.0937,prostate,MARGINAL,1,FLT1 mutated 1.4% mCRPC,31
Lestaurtinib,0.83335,10.3,6.4,0.026697,0.4801,7.0817,1.7688,prostate,MARGINAL,1,JAK2 in cancer pathway,32
PD173074,0.8344,10.3,6.5,0.012131,16.6023,673.5363,73.952,prostate,MARGINAL,1,FGFR1 in cancer pathway,33
Niraparib,0.8344,10.3,6.5,0.031394,34.4069,376.7664,115.0245,prostate,MARGINAL,1,PARP1 in cancer pathway,34
BDILV000379a,0.8344,10.3,6.7,0.096728,86.1922,288.437,219.1946,prostate,MARGINAL,1,BAZ2A mutated 1.4% mCRPC,35
VE821,0.83545,10.3,13.4,0.055796,20.2611,477.1501,256.3633,prostate,MARGINAL,1,ATR mutated 1.4% mCRPC,36
Bromosporine,0.83545,10.3,6.3,0.017716,3.1778,71.5133,12.0817,prostate,MARGINAL,1,BRD4 mutated 1.2% mCRPC,37
Talazoparib,0.83545,10.3,11.2,0.037662,5.2578,61.5033,20.8531,prostate,MARGINAL,1,PARP1 in cancer pathway,38
NVP-ADW742,0.83655,10.2,13.9,0.027603,6.4921,137.9432,33.325,prostate,MARGINAL,1,IGF1R mutated 1.4% mCRPC,39
OTX015,0.83655,10.2,17.3,0.011412,0.8454,108.3703,12.9044,prostate,MARGINAL,1,BRD3 mutated 1.2% mCRPC,40
BMS-536924,0.83655,10.2,12.4,0.029841,3.0054,59.6343,14.7195,prostate,MARGINAL,1,IGF1R mutated 1.4% mCRPC,41
MG-132,0.8387,10.2,6.5,0.064648,0.1859,0.5585,0.3952,prostate,MARGINAL,1,CAPN1 mutated 1.4% mCRPC,42
Olaparib,0.8387,10.2,16.2,0.049979,21.4633,201.1599,98.1457,prostate,MARGINAL,1,PARP1 in cancer pathway,43
AZD6738,0.8398,10.2,19.6,0.027534,2.231,85.6497,21.2402,prostate,MARGINAL,1,ATR mutated 1.4% mCRPC,44
Serdemetan,0.8398,10.2,19.0,0.022287,8.6611,347.2007,63.706,prostate,MARGINAL,1,MDM2 in cancer pathway,45
Romidepsin,0.8398,10.2,6.4,0.036565,0.002,0.0159,0.0056,prostate,MARGINAL,1,HDAC2 mutated 1.4% mCRPC,46
Ribociclib,0.8398,10.2,17.4,0.035241,6.0005,103.5911,31.632,prostate,MARGINAL,1,CDK4 in cancer pathway,47
Crizotinib,0.84,8.2,1.6,0.005636,8.2515,144.7889,10.9756,prostate,RELEVANT,2,MET mutated 1.6% mCRPC; MET in cancer pathway,48
Veliparib,0.8409,10.1,5.5,0.053896,99.087,539.062,326.5336,prostate,MARGINAL,1,PARP1 in cancer pathway,49
AZD1332,0.8431500000000001,10.1,24.6,0.022057,8.9296,433.3249,74.8613,prostate,MARGINAL,1,NTRK1 prostate-enriched (5x),50
AZD4547,0.84425,10.0,5.7,0.040732,4.7516,32.9534,14.2967,prostate,MARGINAL,1,FGFR1 in cancer pathway,51
AZD5363,0.84425,10.0,25.0,0.052931,3.0259,41.9471,19.8844,prostate,MARGINAL,1,AKT1 in cancer pathway,52
BMS-754807,0.8453999999999999,10.0,28.0,0.039035,1.9195,74.9747,25.1175,prostate,MARGINAL,1,IGF1R mutated 1.4% mCRPC,53
A-366,0.84655,10.0,5.7,0.056248,55.2451,198.0522,121.7909,prostate,MARGINAL,1,EHMT1 mutated 1.6% mCRPC,54
Vinorelbine,0.8468,8.1,0.6,0.007525,0.0119,1.3668,0.0301,prostate,CYTOTOXIC,3,Cytotoxic,55
AT13148,0.8477,9.9,32.4,0.024348,3.5627,300.5571,49.9217,prostate,MARGINAL,1,AKT1 in cancer pathway,56
Alisertib,0.84885,9.9,33.5,0.044384,3.3899,118.0358,43.0369,prostate,MARGINAL,1,AURKA in cancer pathway,57
Palbociclib,0.85,9.9,31.7,0.036203,5.6572,379.8521,86.7682,prostate,MARGINAL,1,CDK4 in cancer pathway,58
ZM447439,0.8511500000000001,9.8,37.0,0.045672,8.3646,283.5826,105.3179,prostate,MARGINAL,1,AURKA in cancer pathway,59
AZ960,0.8523499999999999,9.8,36.7,0.056646,2.4184,48.9027,23.3989,prostate,MARGINAL,1,JAK2 in cancer pathway,60
BDF00022089a,0.85355,9.8,4.1,0.120609,53.2142,235.2072,172.8361,prostate,MARGINAL,1,BRPF1 mutated 1.6% mCRPC,61
Uprosertib,0.85355,9.8,3.1,0.152184,0.0617,266.9402,10.6701,prostate,MARGINAL,1,AKT1 in cancer pathway,62
I-BET-762,0.85475,9.7,4.4,0.003492,3.415,383.5078,14.8676,prostate,MARGINAL,1,BRD3 mutated 1.2% mCRPC,63
Ipatasertib,0.85595,9.7,4.5,0.144298,3.1711,99.4147,35.4608,prostate,MARGINAL,1,AKT1 in cancer pathway,64
PFI3,0.8595999999999999,9.6,3.7,0.112684,166.186,604.2847,421.542,prostate,MARGINAL,1,SMARCA2 mutated 1.4% mCRPC,65
AGK2,0.8633,9.5,3.6,0.135792,7.4894,70.3574,37.723,prostate,MARGINAL,1,BAZ2A mutated 1.4% mCRPC,66
MK-1775,0.8646,9.5,2.8,0.128582,1.4381,13.9927,6.5142,prostate,MARGINAL,1,PLK1 mutated 1.4% mCRPC,67
EPZ5676,0.8646,9.5,3.5,0.070777,176.4029,1007.3447,415.0931,prostate,MARGINAL,1,DOT1L mutated 1.2% mCRPC,68
CT7033-2,0.87235,9.3,2.6,0.081395,2.0158,23.5418,4.6113,prostate,MARGINAL,1,KDM6B mutated 1.2% mCRPC,69
BI-2536,0.87365,9.2,1.8,0.052967,0.0408,3.3121,0.2628,prostate,MARGINAL,1,PLK1 mutated 1.4% mCRPC,70
EPZ004777,0.87365,9.2,3.1,0.031963,66.843,726.1847,193.69,prostate,MARGINAL,1,DOT1L mutated 1.2% mCRPC,71
Afuresertib,0.87635,9.2,2.7,0.146718,0.7915,90.0553,13.7997,prostate,MARGINAL,1,AKT1 in cancer pathway,72
Sapitinib,0.87905,9.1,3.6,0.122723,89.4279,618.5297,294.0076,prostate,MARGINAL,1,ERBB2 mutated 1.2% mCRPC,73
Lapatinib,0.87905,9.1,3.2,0.136816,18.247,431.4985,120.0692,prostate,MARGINAL,1,ERBB2 mutated 1.2% mCRPC,74
VE-822,0.87905,9.1,2.6,0.127783,15.53,217.7877,75.1695,prostate,MARGINAL,1,ATR mutated 1.4% mCRPC,75
GSK1904529A,0.8817999999999999,9.0,3.1,0.120282,29.2689,205.3526,94.8043,prostate,MARGINAL,1,IGF1R mutated 1.4% mCRPC,76
Afatinib,0.8846,9.0,3.1,0.127457,3.158,36.6252,13.0008,prostate,MARGINAL,1,ERBB2 mutated 1.2% mCRPC,77
Wee1 Inhibitor,0.88605,8.9,2.2,0.016303,6.1532,127.602,24.3994,prostate,MARGINAL,1,CHEK1 in cancer pathway,78
AZD5153,0.89035,8.8,1.2,0.135157,0.3636,29.129,2.0892,prostate,MARGINAL,1,BRD4 mutated 1.2% mCRPC,79
GW441756,0.8917999999999999,8.8,2.5,0.111829,15.6863,102.1347,41.6743,prostate,MARGINAL,1,NTRK1 prostate-enriched (5x),80
RVX-208,0.8917999999999999,8.8,3.0,0.013417,42.7061,519.416,76.9748,prostate,MARGINAL,1,BRD4 mutated 1.2% mCRPC,81
BDOCA000347a,0.89325,8.8,2.9,0.102349,9.7322,36.7525,18.657,prostate,MARGINAL,1,BRPF1 mutated 1.6% mCRPC,82
MK-2206,0.89925,8.6,1.1,0.144392,1.2153,411.8307,22.7688,prostate,MARGINAL,1,AKT1 in cancer pathway,83
Rucaparib,0.89925,8.6,2.2,0.03036,37.0508,203.1814,60.8519,prostate,MARGINAL,1,PARP1 in cancer pathway,84
GSK2110183B,0.90385,8.5,1.4,0.136465,1.6078,121.8576,13.3585,prostate,MARGINAL,1,AKT1 in cancer pathway,85
PFI-1,0.907,8.5,2.3,0.025387,30.1783,114.8726,33.5584,prostate,MARGINAL,1,BRD4 mutated 1.2% mCRPC,86
SGC0946,0.9251,8.1,1.4,0.093946,5.3819,35.6476,9.5931,prostate,MARGINAL,1,DOT1L mutated 1.2% mCRPC,87
Linsitinib,0.9339,8.0,0.7,0.115773,8.7986,323.9566,31.7792,prostate,MARGINAL,1,IGF1R mutated 1.4% mCRPC,88
JQ1,0.9339,8.0,0.0,0.131583,0.6734,437.9468,7.53,prostate,MARGINAL,1,BRD3 mutated 1.2% mCRPC,89
JNK Inhibitor VIII,1.0,10.4,7.2,0.04397,83.9851,714.5939,302.1469,prostate,NOT_RELEVANT,0,Not relevant,90
N-acetyl cysteine,1.0,8.9,2.3,0.110287,9721.5868,64905.2218,26743.957,prostate,NOT_RELEVANT,0,Not relevant,91
Picolinici-acid,1.0,8.9,3.3,0.106331,167.1384,576.8039,341.9885,prostate,NOT_RELEVANT,0,Not relevant,92
Ulixertinib,1.0,8.8,2.6,0.134881,5.5484,162.5932,31.1724,prostate,NOT_RELEVANT,0,Not relevant,93
PCI-34051,1.0,10.4,7.3,0.043383,67.6525,514.1843,224.8624,prostate,NOT_RELEVANT,0,Not relevant,94
Tanespimycin,1.0,8.9,2.9,0.134867,0.3737,14.2371,2.024,prostate,NOT_RELEVANT,0,Not relevant,95
Sorafenib,1.0,9.0,2.1,0.130201,6.669,78.3848,30.6521,prostate,NOT_RELEVANT,0,Not relevant,96
THR-101,1.0,8.8,2.9,0.106838,155.6531,573.2409,323.2152,prostate,NOT_RELEVANT,0,Not relevant,97
Elephantin,1.0,8.9,3.3,0.019949,14.6308,108.4838,23.6804,prostate,NOT_RELEVANT,0,Not relevant,98
IOX2,1.0,8.8,1.7,0.11642,2.7763,39.6732,10.5445,all_cancer,NOT_RELEVANT,0,Not relevant,99
Leflunomide,1.0,9.2,3.8,0.099534,135.6894,289.5259,229.9935,prostate,NOT_RELEVANT,0,Not relevant,100
Ibrutinib,1.0,9.0,3.3,0.118793,104.5851,663.8521,305.9749,prostate,NOT_RELEVANT,0,Not relevant,101
AZD5991,1.0,9.0,2.3,0.139374,12.3893,557.4779,116.3999,prostate,NOT_RELEVANT,0,Not relevant,102
AZD2014,1.0,10.2,16.1,0.028806,0.6249,17.6482,3.9288,prostate,NOT_RELEVANT,0,Not relevant,103
Entinostat,1.0,9.0,2.3,0.01035,2.8393,80.2953,11.2171,prostate,NOT_RELEVANT,0,Not relevant,104
GSK3337463A,1.0,9.3,3.5,0.129512,81.7018,709.1514,351.9412,prostate,NOT_RELEVANT,0,Not relevant,105
Bleomycin (50 uM),1.0,10.4,10.6,0.003467,4.2326,1019.1948,32.2818,prostate,NOT_RELEVANT,0,Not relevant,106
Fulvestrant,1.0,9.2,1.2,0.140809,5.6456,531.5382,56.9969,prostate,NOT_RELEVANT,0,Not relevant,107
GSK-LSD1-2HCl ,1.0,9.2,3.4,0.009788,2.7523,65.7738,8.0593,prostate,NOT_RELEVANT,0,Not relevant,108
glutathione,1.0,9.2,3.8,0.027043,5091.0164,34968.3022,9811.6039,prostate,NOT_RELEVANT,0,Not relevant,109
50869,1.0,9.0,1.7,0.131269,7.3718,151.577,45.1455,prostate,NOT_RELEVANT,0,Not relevant,110
Mirin,1.0,8.9,2.5,0.096951,101.2602,362.6206,176.55,prostate,NOT_RELEVANT,0,Not relevant,111
LGK974,1.0,9.2,3.8,0.116225,32.5153,148.2136,85.8244,prostate,NOT_RELEVANT,0,Not relevant,112
CHIR-99021,1.0,10.6,43.2,0.028071,5.7105,803.1284,138.3727,all_cancer,NOT_RELEVANT,0,Not relevant,113
AZD8186,1.0,10.8,44.6,0.058154,2.7692,86.1667,40.041,prostate,NOT_RELEVANT,0,Not relevant,114
LJI308,1.0,9.1,3.7,0.035088,128.1716,620.0526,223.673,prostate,NOT_RELEVANT,0,Not relevant,115
GSK2830371,1.0,9.1,3.0,0.119931,165.0385,798.5519,483.0482,prostate,NOT_RELEVANT,0,Not relevant,116
alpha-lipoic acid,1.0,9.1,3.0,0.086844,1568.9404,4292.2048,2426.9175,prostate,NOT_RELEVANT,0,Not relevant,117
GSK-LSD1,1.0,8.8,2.8,0.035704,15.4686,66.5924,23.943,prostate,NOT_RELEVANT,0,Not relevant,118
Gefitinib,1.0,9.0,3.4,0.111759,29.2648,127.3194,68.8647,prostate,NOT_RELEVANT,0,Not relevant,119
Daporinad,1.0,9.0,2.4,0.072941,0.0151,0.1308,0.0416,prostate,NOT_RELEVANT,0,Not relevant,120
Lenalidomide,1.0,9.0,2.9,0.114237,142.492,673.6622,374.3341,prostate,NOT_RELEVANT,0,Not relevant,121
SN-38,1.0,10.4,6.2,0.046926,0.0055,0.0393,0.0185,prostate,NOT_RELEVANT,0,Not relevant,122
ABT737,1.0,9.0,3.0,0.131621,4.3757,69.2212,22.7329,prostate,NOT_RELEVANT,0,Not relevant,123
LMB_AB3,1.0,9.0,3.3,0.103861,144.8989,432.3751,279.8574,prostate,NOT_RELEVANT,0,Not relevant,124
GSK626616AC,1.0,8.8,2.5,0.104674,1.9299,7.009,3.9226,prostate,NOT_RELEVANT,0,Not relevant,125
EHT-1864,1.0,8.4,2.2,0.089887,18.0655,63.6297,27.0354,prostate,NOT_RELEVANT,0,Not relevant,126
ML323,1.0,8.4,1.9,0.107018,43.5706,348.1527,102.3669,prostate,NOT_RELEVANT,0,Not relevant,127
Navitoclax,1.0,8.4,1.8,0.111188,9.9401,98.5196,26.3154,prostate,NOT_RELEVANT,0,Not relevant,128
SL0101,1.0,8.3,1.4,0.121982,33.1663,481.6316,114.5353,all_cancer,NOT_RELEVANT,0,Not relevant,129
BEN,1.0,8.3,1.8,0.102896,17.8188,105.3037,34.5383,prostate,NOT_RELEVANT,0,Not relevant,130
Bosutinib,1.0,8.3,1.8,0.107562,12.066,95.4647,28.0325,prostate,NOT_RELEVANT,0,Not relevant,131
BDP-00009066,1.0,8.3,1.6,0.003171,5.8645,264.6672,10.9512,prostate,NOT_RELEVANT,0,Not relevant,132
776928,1.0,8.3,1.5,0.004994,23.9961,494.4867,37.2683,prostate,NOT_RELEVANT,0,Not relevant,133
TAF1_5496,1.0,9.2,3.6,0.126059,13.1156,104.2696,48.9001,prostate,NOT_RELEVANT,0,Not relevant,134
UNC0638,1.0,8.8,1.9,0.135743,11.9543,293.13,81.1577,prostate,NOT_RELEVANT,0,Not relevant,135
Dacarbazine,1.0,10.0,15.1,0.148298,42.2968,1085.3154,822.9402,prostate,NOT_RELEVANT,0,Not relevant,136
N29087-69-1,1.0,8.7,2.4,0.020763,88.0832,648.626,171.1809,prostate,NOT_RELEVANT,0,Not relevant,137
IGF1R_3801,1.0,11.3,47.5,0.036822,0.543,54.3601,13.7654,prostate,NOT_RELEVANT,0,Not relevant,138
Vorinostat,1.0,8.1,1.1,0.101952,1.7685,16.4685,3.9528,prostate,NOT_RELEVANT,0,Not relevant,139
Venetoclax,1.0,8.1,0.9,0.082667,5.1911,33.9655,7.6166,prostate,NOT_RELEVANT,0,Not relevant,140
Wnt-C59,1.0,8.0,1.2,0.094795,45.6429,371.4878,84.3732,prostate,NOT_RELEVANT,0,Not relevant,141
123138,1.0,9.8,5.2,0.063423,13.417,38.8703,28.5886,prostate,NOT_RELEVANT,0,Not relevant,142
AGI-6780,1.0,8.0,1.2,0.089767,60.9456,438.3609,100.3366,prostate,NOT_RELEVANT,0,Not relevant,143
VX-11e,1.0,8.0,1.2,0.095208,22.5027,243.7463,37.7912,prostate,NOT_RELEVANT,0,Not relevant,144
Taselisib,1.0,7.9,0.7,0.113217,1.288,56.9397,4.3713,prostate,NOT_RELEVANT,0,Not relevant,145
Tamoxifen,1.0,7.9,0.8,0.10639,14.2778,285.6399,38.072,prostate,NOT_RELEVANT,0,Not relevant,146
AZD5582,1.0,7.8,0.5,0.098145,5.1568,88.5326,11.5786,prostate,NOT_RELEVANT,0,Not relevant,147
AGI-5198,1.0,8.2,1.2,0.108887,35.7787,428.8794,95.649,prostate,NOT_RELEVANT,0,Not relevant,148
123829,1.0,8.8,2.4,0.126978,1.5623,54.6261,8.6671,prostate,NOT_RELEVANT,0,Not relevant,149
PF-4708671,1.0,8.4,1.7,0.121502,9.5349,178.3719,36.5005,all_cancer,NOT_RELEVANT,0,Not relevant,150
Schweinfurthin A,1.0,10.4,41.5,0.027137,0.428,45.2457,8.2718,prostate,NOT_RELEVANT,0,Not relevant,151
ICL-SIRT078,1.0,8.8,2.2,0.126337,51.1594,461.7318,202.2558,prostate,NOT_RELEVANT,0,Not relevant,152
Doramapimod,1.0,9.3,3.1,0.117129,140.8407,638.3203,390.9449,prostate,NOT_RELEVANT,0,Not relevant,153
GSK2606414,1.0,8.8,2.7,0.109959,27.4548,129.5354,63.3015,prostate,NOT_RELEVANT,0,Not relevant,154
CCT-018159,1.0,8.7,1.6,0.004161,5.326,409.1755,29.4607,all_cancer,NOT_RELEVANT,0,Not relevant,155
Cyclophosphamide,1.0,9.1,3.4,0.0479,138.7485,460.0508,258.4835,prostate,NOT_RELEVANT,0,Not relevant,156
CDK9_5576,1.0,8.7,2.4,0.117312,0.3038,2.0778,0.8788,prostate,NOT_RELEVANT,0,Not relevant,157
WEHI-539,1.0,8.7,2.6,0.08828,86.0208,237.5196,124.7051,prostate,NOT_RELEVANT,0,Not relevant,158
720427,1.0,8.7,2.5,0.09812,38.6165,143.1106,69.8261,prostate,NOT_RELEVANT,0,Not relevant,159
Buparlisib,1.0,8.7,1.8,0.106797,1.3819,10.5161,2.8398,prostate,NOT_RELEVANT,0,Not relevant,160
Elesclomol,1.0,8.4,0.8,0.139371,0.009,5.1829,0.1529,all_cancer,NOT_RELEVANT,0,Not relevant,161
CPI-637,1.0,10.4,42.1,0.054147,4.9618,161.069,70.124,prostate,NOT_RELEVANT,0,Not relevant,162
Pictilisib,1.0,8.6,2.1,0.127293,0.5903,10.3634,2.5507,prostate,NOT_RELEVANT,0,Not relevant,163
Eg5_9814,1.0,8.6,2.4,0.032992,0.0156,0.066,0.0225,prostate,NOT_RELEVANT,0,Not relevant,164
AZD1208,1.0,8.6,2.0,0.085518,134.7601,445.3491,174.7989,prostate,NOT_RELEVANT,0,Not relevant,165
L-Oxonoreleagnine,1.0,8.6,2.2,0.094366,35.6572,118.1794,58.9462,prostate,NOT_RELEVANT,0,Not relevant,166
IRAK4_4710,1.0,8.6,2.0,0.03904,97.9181,466.413,155.5271,prostate,NOT_RELEVANT,0,Not relevant,167
ERK_2440,1.0,10.4,41.9,0.060937,4.4713,126.6973,60.0175,prostate,NOT_RELEVANT,0,Not relevant,168
OF-1,1.0,8.5,2.0,0.124618,19.8665,364.6075,81.4879,prostate,NOT_RELEVANT,0,Not relevant,169
SB505124,1.0,8.5,1.4,0.136159,4.4118,373.4388,37.5068,all_cancer,NOT_RELEVANT,0,Not relevant,170
GSK343,1.0,10.4,6.4,0.016183,7.279,539.6131,64.2608,prostate,NOT_RELEVANT,0,Not relevant,171
BMS-345541,1.0,8.5,1.8,0.107831,14.853,79.5946,34.1901,prostate,NOT_RELEVANT,0,Not relevant,172
150412,1.0,8.5,1.7,0.127748,4.3198,123.1924,21.2803,prostate,NOT_RELEVANT,0,Not relevant,173
5-Fluorouracil,1.0,8.6,1.7,0.137292,12.1053,622.9152,94.097,prostate,NOT_RELEVANT,0,Not relevant,174
LMB_AB1,1.0,9.3,3.4,0.119724,95.5527,483.2352,293.6705,prostate,NOT_RELEVANT,0,Not relevant,175
Motesanib,1.0,9.3,3.6,0.113066,242.1149,774.6943,579.0044,prostate,NOT_RELEVANT,0,Not relevant,176
VSP34_8731,1.0,9.3,4.1,0.118017,6.1872,26.2264,16.7464,prostate,NOT_RELEVANT,0,Not relevant,177
SB216763,1.0,10.1,5.9,0.03278,46.4021,437.9338,136.8947,prostate,NOT_RELEVANT,0,Not relevant,178
AZD6482,1.0,10.1,24.5,0.017858,2.7251,244.0443,30.1387,all_cancer,NOT_RELEVANT,0,Not relevant,179
Sinularin,1.0,10.1,4.9,0.140212,11.798,157.6927,92.2034,prostate,NOT_RELEVANT,0,Not relevant,180
AMG-319,1.0,10.1,23.1,0.036745,29.2565,598.4869,186.4256,prostate,NOT_RELEVANT,0,Not relevant,181
Rapamycin,1.0,10.1,25.3,0.012197,0.0053,0.8621,0.0738,prostate,NOT_RELEVANT,0,Not relevant,182
743380,1.0,10.1,11.1,0.149349,1.3768,49.6544,28.5743,prostate,NOT_RELEVANT,0,Not relevant,183
ERK_6604,1.0,10.0,13.4,0.143792,17.005,219.8125,129.3822,prostate,NOT_RELEVANT,0,Not relevant,184
765771,1.0,8.2,1.7,0.09136,36.6215,172.747,58.3183,prostate,NOT_RELEVANT,0,Not relevant,185
Mitoxantrone,1.0,10.0,25.4,0.033983,0.1276,3.854,1.1226,prostate,NOT_RELEVANT,0,Not relevant,186
Irinotecan,1.0,9.9,5.4,0.032815,4.139,32.1253,10.47,prostate,NOT_RELEVANT,0,Not relevant,187
LY2109761,1.0,10.0,23.9,0.062014,69.4589,660.6399,384.8054,prostate,NOT_RELEVANT,0,Not relevant,188
Gemcitabine,1.0,10.3,5.9,0.014275,0.061,1.964,0.2848,prostate,NOT_RELEVANT,0,Not relevant,189
SCH772984,1.0,10.0,6.0,0.142527,17.6779,390.0393,128.2802,prostate,NOT_RELEVANT,0,Not relevant,190
615590,1.0,10.3,11.0,0.05623,19.6241,136.7828,82.2671,prostate,NOT_RELEVANT,0,Not relevant,191
SGC-CBP30,1.0,10.0,5.7,0.064998,50.574,145.4673,107.5717,prostate,NOT_RELEVANT,0,Not relevant,192
LCL161,1.0,10.0,5.5,0.033371,67.899,637.4991,231.1528,prostate,NOT_RELEVANT,0,Not relevant,193
Obatoclax Mesylate,1.0,10.0,6.0,0.051178,1.0306,4.3461,2.2832,prostate,NOT_RELEVANT,0,Not relevant,194
Dasatinib,1.0,10.0,29.8,0.027568,1.355,61.5737,12.7231,prostate,NOT_RELEVANT,0,Not relevant,195
GSK2830371A,1.0,10.0,3.5,0.132125,71.3086,705.956,356.317,prostate,NOT_RELEVANT,0,Not relevant,196
N25720-51-A1,1.0,10.3,4.9,0.012012,4.0527,254.6269,30.4298,prostate,NOT_RELEVANT,0,Not relevant,197
Podophyllotoxin bromide,1.0,10.2,6.3,0.071162,0.3616,0.8678,0.7133,prostate,NOT_RELEVANT,0,Not relevant,198
UNC0379,1.0,10.3,13.1,0.023054,6.6444,207.9416,42.3691,prostate,NOT_RELEVANT,0,Not relevant,199
PD0325901,1.0,9.9,17.3,0.147034,4.8139,114.5769,50.6989,prostate,NOT_RELEVANT,0,Not relevant,200
IAP_5620,1.0,10.3,5.8,0.061002,115.6647,593.0289,416.9599,prostate,NOT_RELEVANT,0,Not relevant,201
MIM1,1.0,10.1,20.0,0.079499,26.6298,125.793,115.9842,prostate,NOT_RELEVANT,0,Not relevant,202
AZ6102,1.0,10.1,22.8,0.017157,4.285,402.9523,47.7813,prostate,NOT_RELEVANT,0,Not relevant,203
Pevonedistat,1.0,10.2,19.3,0.031276,0.3818,12.8537,3.8695,prostate,NOT_RELEVANT,0,Not relevant,204
Sepantronium bromide,1.0,10.2,15.5,0.037449,0.0031,0.0421,0.0146,prostate,NOT_RELEVANT,0,Not relevant,205
Gallibiscoquinazole,1.0,10.2,12.9,0.118782,6.2585,43.6252,31.8638,prostate,NOT_RELEVANT,0,Not relevant,206
YK-4-279,1.0,10.2,13.9,0.062155,4.6647,34.45,22.7669,prostate,NOT_RELEVANT,0,Not relevant,207
ascorbate (vitamin C),1.0,10.2,6.1,0.053223,34959.7205,150801.2496,84379.5822,prostate,NOT_RELEVANT,0,Not relevant,208
CDK9_5038,1.0,10.0,28.3,0.047213,0.0195,0.3978,0.1629,prostate,NOT_RELEVANT,0,Not relevant,209
POMHEX,1.0,10.2,7.3,0.134138,1.4485,8.3748,7.1602,prostate,NOT_RELEVANT,0,Not relevant,210
GSK2801,1.0,9.6,3.7,0.117799,108.5873,443.1623,313.9386,prostate,NOT_RELEVANT,0,Not relevant,211
741909,1.0,10.1,12.5,0.146706,2.2545,55.3335,31.5268,prostate,NOT_RELEVANT,0,Not relevant,212
XAV939,1.0,10.1,20.3,0.039949,32.3377,493.6755,175.0665,prostate,NOT_RELEVANT,0,Not relevant,213
Axitinib,1.0,10.3,12.3,0.04866,8.4114,80.8745,40.5634,prostate,NOT_RELEVANT,0,Not relevant,214
PRIMA-1MET,1.0,10.1,21.2,0.015203,24.9275,1926.8237,223.1911,prostate,NOT_RELEVANT,0,Not relevant,215
Entospletinib,1.0,10.3,12.4,0.030112,19.0713,299.1426,80.5801,prostate,NOT_RELEVANT,0,Not relevant,216
Teniposide,1.0,10.3,13.0,0.035819,0.3343,4.7816,1.6576,prostate,NOT_RELEVANT,0,Not relevant,217
Piperlongumine,1.0,9.6,4.4,0.006544,2.1846,98.5969,7.0372,all_cancer,NOT_RELEVANT,0,Not relevant,218
Trametinib,1.0,9.9,18.6,0.135474,2.5986,55.1251,16.5488,prostate,NOT_RELEVANT,0,Not relevant,219
OSI-027,1.0,10.2,12.3,0.037507,4.4709,51.0016,17.5312,prostate,NOT_RELEVANT,0,Not relevant,220
PAK_5339,1.0,10.2,12.4,0.135421,2.4072,22.7449,11.712,prostate,NOT_RELEVANT,0,Not relevant,221
Dactinomycin,1.0,10.2,15.2,0.006202,0.0019,0.4528,0.0212,prostate,NOT_RELEVANT,0,Not relevant,222
WIKI4,1.0,10.1,19.7,0.056294,12.0236,137.6656,81.2559,prostate,NOT_RELEVANT,0,Not relevant,223
Dihydrorotenone,1.0,9.6,4.5,0.133371,1.1284,10.6912,5.587,prostate,NOT_RELEVANT,0,Not relevant,224
Dactolisib,1.0,10.1,20.7,0.015108,0.036,2.8155,0.3203,prostate,NOT_RELEVANT,0,Not relevant,225
630600,1.0,10.1,21.0,0.032481,5.5268,149.4544,41.4784,prostate,NOT_RELEVANT,0,Not relevant,226
Nilotinib,1.0,10.1,20.9,0.037754,6.3876,135.6025,44.3738,prostate,NOT_RELEVANT,0,Not relevant,227
Luminespib,1.0,10.1,21.5,0.03415,0.0337,0.7451,0.2107,prostate,NOT_RELEVANT,0,Not relevant,228
THR-103,1.0,10.1,20.7,0.032526,15.6569,502.882,126.4741,prostate,NOT_RELEVANT,0,Not relevant,229
Selumetinib,1.0,10.2,8.4,0.140251,45.4535,783.6528,249.3756,prostate,NOT_RELEVANT,0,Not relevant,230
Pyridostatin,1.0,9.3,3.4,0.008311,9.6797,301.4216,34.1932,prostate,NOT_RELEVANT,0,Not relevant,231
CZC24832,1.0,10.3,10.4,0.0487,61.1236,515.4379,254.4612,prostate,NOT_RELEVANT,0,Not relevant,232
Nelarabine,1.0,9.9,4.3,0.116478,347.165,1435.0779,860.872,prostate,NOT_RELEVANT,0,Not relevant,233
AZD8055,1.0,10.2,6.4,0.01101,0.1177,5.6905,0.5479,prostate,NOT_RELEVANT,0,Not relevant,234
MN-64,1.0,10.2,13.4,0.040957,35.239,469.7385,168.9319,prostate,NOT_RELEVANT,0,Not relevant,235
RO-3306,1.0,8.0,0.2,0.119062,12.1417,701.325,62.1285,prostate,NOT_RELEVANT,0,Not relevant,236
BPD-00008900,1.0,10.3,6.6,0.032751,47.1541,496.3129,151.8847,prostate,NOT_RELEVANT,0,Not relevant,237
GNE-317,1.0,9.9,5.6,0.016841,0.4172,17.4931,2.1796,prostate,NOT_RELEVANT,0,Not relevant,238
Avagacestat,1.0,9.5,4.3,0.030039,103.1167,772.4513,234.8677,prostate,NOT_RELEVANT,0,Not relevant,239
PRT062607,1.0,9.4,4.3,0.007224,6.5668,268.8641,20.3383,prostate,NOT_RELEVANT,0,Not relevant,240
Topotecan,1.0,10.3,8.2,0.035152,0.2415,2.6831,0.9144,prostate,NOT_RELEVANT,0,Not relevant,241
THR-102,1.0,9.4,3.1,0.109775,72.5956,420.1269,149.6643,prostate,NOT_RELEVANT,0,Not relevant,242
Dinaciclib,1.0,9.4,2.3,0.125047,0.0372,0.5629,0.1389,prostate,NOT_RELEVANT,0,Not relevant,243
KRAS (G12C) Inhibitor-12,1.0,9.4,3.2,0.146145,10.5909,825.0213,180.2673,prostate,NOT_RELEVANT,0,Not relevant,244
Erlotinib,1.0,9.4,4.4,0.121954,17.1139,84.1394,52.7525,prostate,NOT_RELEVANT,0,Not relevant,245
Zoledronate,1.0,9.4,4.0,0.067782,40.5267,98.8318,65.2988,prostate,NOT_RELEVANT,0,Not relevant,246
VTP-B,1.0,9.4,3.5,0.027465,6.4194,63.5267,20.282,prostate,NOT_RELEVANT,0,Not relevant,247
Osimertinib,1.0,9.4,4.1,0.131688,2.3684,23.8479,11.0657,prostate,NOT_RELEVANT,0,Not relevant,248
Refametinib,1.0,9.4,4.8,0.115209,26.1056,138.3402,57.8804,prostate,NOT_RELEVANT,0,Not relevant,249
GDC0810,1.0,9.3,3.5,0.129726,55.542,546.576,254.3538,prostate,NOT_RELEVANT,0,Not relevant,250
LMB_AB2,1.0,9.3,3.7,0.064848,210.427,694.2087,383.8163,prostate,NOT_RELEVANT,0,Not relevant,251
N30652-18-1,1.0,9.3,4.1,0.050085,138.186,424.6261,232.1749,prostate,NOT_RELEVANT,0,Not relevant,252
Alpelisib,1.0,9.3,3.9,0.132541,10.8656,120.6445,52.8033,prostate,NOT_RELEVANT,0,Not relevant,253
Mycophenolic acid,1.0,10.3,9.7,0.017774,2.469,74.512,11.7219,prostate,NOT_RELEVANT,0,Not relevant,254
Remodelin,1.0,10.2,8.7,0.133933,24.8783,122.2812,114.3537,prostate,NOT_RELEVANT,0,Not relevant,255
IWP-2,1.0,9.6,4.3,0.057039,15.1383,67.6725,34.9123,prostate,NOT_RELEVANT,0,Not relevant,256
NU7441,1.0,9.6,4.3,0.019047,11.0679,302.8092,48.3866,prostate,NOT_RELEVANT,0,Not relevant,257
5-azacytidine,1.0,9.6,5.0,0.06488,11.6205,23.307,17.6061,prostate,NOT_RELEVANT,0,Not relevant,258
Vismodegib,1.0,9.9,5.8,0.057845,139.567,448.908,280.3649,prostate,NOT_RELEVANT,0,Not relevant,259
BX795,1.0,9.5,3.8,0.005703,2.1938,134.9434,12.8923,all_cancer,NOT_RELEVANT,0,Not relevant,260
WZ4003,1.0,9.5,4.7,0.022616,40.7326,379.9238,89.4236,prostate,NOT_RELEVANT,0,Not relevant,261
Acetalax,1.0,9.7,3.8,0.150466,0.7261,511.3692,38.1118,prostate,NOT_RELEVANT,0,Not relevant,262
AZD3759,1.0,9.5,4.7,0.114103,12.6014,37.2654,29.5982,prostate,NOT_RELEVANT,0,Not relevant,263
Bleomycin,1.0,9.9,32.5,0.045091,3.7298,88.0861,32.6425,prostate,NOT_RELEVANT,0,Not relevant,264
I-BRD9,1.0,9.9,31.4,0.06577,29.3667,387.5887,247.421,prostate,NOT_RELEVANT,0,Not relevant,265
Telomerase Inhibitor IX,1.0,9.9,5.7,0.063051,0.9866,2.4625,1.7429,prostate,NOT_RELEVANT,0,Not relevant,266
UMI-77,1.0,8.7,2.4,0.005096,4.7579,128.1323,8.7955,prostate,NOT_RELEVANT,0,Not relevant,267
GSK2256098C,1.0,10.3,7.3,0.07132,51.278,142.838,115.9927,prostate,NOT_RELEVANT,0,Not relevant,268
GSK269962A,1.0,9.9,36.9,0.02101,0.6901,96.5113,13.844,all_cancer,NOT_RELEVANT,0,Not relevant,269
N27922-53-1,1.0,9.9,5.3,0.053939,89.1466,328.1771,189.0091,prostate,NOT_RELEVANT,0,Not relevant,270
GSK591,1.0,9.9,4.5,0.126995,44.6623,367.8937,132.7201,prostate,NOT_RELEVANT,0,Not relevant,271
729189,1.0,10.3,9.0,0.059941,24.5178,153.8416,105.4166,prostate,NOT_RELEVANT,0,Not relevant,272
HKMTI-1-005,1.0,9.8,30.7,0.114796,16.4414,517.3846,178.3308,prostate,NOT_RELEVANT,0,Not relevant,273
Camptothecin,1.0,9.8,5.3,0.033672,0.0231,0.1613,0.0544,prostate,NOT_RELEVANT,0,Not relevant,274
BIBR-1532,1.0,10.3,10.6,0.08289,28.7763,489.4132,186.3519,prostate,NOT_RELEVANT,0,Not relevant,275
LMP744,1.0,9.8,4.9,0.018359,0.117,1.9889,0.3714,prostate,NOT_RELEVANT,0,Not relevant,276
CCT007093,1.0,9.8,4.7,0.042781,99.9769,681.9101,328.997,prostate,NOT_RELEVANT,0,Not relevant,277
PBD-288,1.0,10.3,6.4,0.047681,0.3859,2.41,1.1671,prostate,NOT_RELEVANT,0,Not relevant,278
Tretinoin,1.0,10.3,11.8,0.025637,25.5781,527.1142,128.0138,all_cancer,NOT_RELEVANT,0,Not relevant,279
Bortezomib,1.0,10.3,10.0,0.051641,0.0047,0.0284,0.0144,prostate,NOT_RELEVANT,0,Not relevant,280
Epirubicin,1.0,10.3,11.0,0.026075,0.0851,1.7361,0.3986,prostate,NOT_RELEVANT,0,Not relevant,281
Sabutoclax,1.0,7.7,0.2,0.097731,0.1738,3.8054,0.4335,prostate,NOT_RELEVANT,0,Not relevant,282
TW 37,1.0,9.7,4.5,0.121789,2.8169,9.2381,8.0057,prostate,NOT_RELEVANT,0,Not relevant,283
AZD5438,1.0,9.9,4.3,0.101983,7.5556,29.5479,17.8136,prostate,NOT_RELEVANT,0,Not relevant,284
VTP-A,1.0,10.3,9.8,0.046151,6.1028,57.4618,26.7507,prostate,NOT_RELEVANT,0,Not relevant,285
667880,1.0,7.7,0.2,0.103556,0.542,26.9312,1.6502,prostate,NOT_RELEVANT,0,Not relevant,286
