protein_A,protein_B,combined_score,string_A,string_B
BOD1L1,SETD1B,0.761,9606.ENSP00000040738,9606.ENSP00000474253
MGA,KMT2A,0.912,9606.ENSP00000219905,9606.ENSP00000436786
TG,PXDNL,0.753,9606.ENSP00000220616,9606.ENSP00000348645
TG,LRP2,0.966,9606.ENSP00000220616,9606.ENSP00000496870
CDH23,CTNNA2,0.711,9606.ENSP00000224721,9606.ENSP00000384638
CDH23,CTNNB1,0.765,9606.ENSP00000224721,9606.ENSP00000495360
CDH23,MYO15A,0.837,9606.ENSP00000224721,9606.ENSP00000495481
CDH23,ADGRV1,0.97,9606.ENSP00000224721,9606.ENSP00000384582
CDH23,PCDH15,0.999,9606.ENSP00000224721,9606.ENSP00000363068
APOB,HSPG2,0.792,9606.ENSP00000233242,9606.ENSP00000363827
APOB,LRP2,0.881,9606.ENSP00000233242,9606.ENSP00000496870
LRP1,HSPG2,0.809,9606.ENSP00000243077,9606.ENSP00000363827
LRP1,LRP2,0.942,9606.ENSP00000243077,9606.ENSP00000496870
FOXA1,PIK3CA,0.706,9606.ENSP00000250448,9606.ENSP00000263967
FOXA1,TP53,0.735,9606.ENSP00000250448,9606.ENSP00000269305
FOXA1,KMT2C,0.825,9606.ENSP00000250448,9606.ENSP00000262189
FOXA1,AR,0.996,9606.ENSP00000250448,9606.ENSP00000363822
LAMA5,LAMA2,0.754,9606.ENSP00000252999,9606.ENSP00000400365
LAMA5,LAMA1,0.951,9606.ENSP00000252999,9606.ENSP00000374309
APC,LRRK2,0.745,9606.ENSP00000257430,9606.ENSP00000298910
APC,CTNNB1,0.999,9606.ENSP00000257430,9606.ENSP00000495360
DNAH3,DNAH7,0.909,9606.ENSP00000261383,9606.ENSP00000311273
DNAH3,DNAH1,0.91,9606.ENSP00000261383,9606.ENSP00000401514
DNAH3,DNAH17,0.911,9606.ENSP00000261383,9606.ENSP00000374490
DNAH3,DNAH8,0.918,9606.ENSP00000261383,9606.ENSP00000333363
DNAH3,DNAH2,0.92,9606.ENSP00000261383,9606.ENSP00000458355
VWF,SVEP1,0.857,9606.ENSP00000261405,9606.ENSP00000363593
KMT2C,ARID1B,0.757,9606.ENSP00000262189,9606.ENSP00000490491
KMT2C,ARID1A,0.823,9606.ENSP00000262189,9606.ENSP00000320485
KMT2C,NCOR1,0.83,9606.ENSP00000262189,9606.ENSP00000268712
KMT2C,TP53,0.858,9606.ENSP00000262189,9606.ENSP00000269305
KMT2C,KMT2A,0.947,9606.ENSP00000262189,9606.ENSP00000436786
KMT2C,SETD1B,0.976,9606.ENSP00000262189,9606.ENSP00000474253
KMT2C,KMT2D,0.998,9606.ENSP00000262189,9606.ENSP00000301067
CHD5,CHD4,0.897,9606.ENSP00000262450,9606.ENSP00000440542
PIK3CA,BRCA2,0.812,9606.ENSP00000263967,9606.ENSP00000369497
PIK3CA,CTNNB1,0.901,9606.ENSP00000263967,9606.ENSP00000495360
PIK3CA,ARID1A,0.913,9606.ENSP00000263967,9606.ENSP00000320485
PIK3CA,TP53,0.941,9606.ENSP00000263967,9606.ENSP00000269305
PIK3CA,JAK1,0.969,9606.ENSP00000263967,9606.ENSP00000499900
PIK3CA,PTEN,0.995,9606.ENSP00000263967,9606.ENSP00000361021
VCAN,HSPG2,0.805,9606.ENSP00000265077,9606.ENSP00000363827
RB1,ARID1B,0.733,9606.ENSP00000267163,9606.ENSP00000490491
RB1,PTEN,0.734,9606.ENSP00000267163,9606.ENSP00000361021
RB1,ARID1A,0.786,9606.ENSP00000267163,9606.ENSP00000320485
RB1,AR,0.878,9606.ENSP00000267163,9606.ENSP00000363822
RB1,TP53,0.936,9606.ENSP00000267163,9606.ENSP00000269305
NCOR1,KMT2D,0.763,9606.ENSP00000268712,9606.ENSP00000301067
NCOR1,TP53,0.853,9606.ENSP00000268712,9606.ENSP00000269305
NCOR1,SPEN,0.898,9606.ENSP00000268712,9606.ENSP00000364912
NCOR1,AR,0.991,9606.ENSP00000268712,9606.ENSP00000363822
NCOR1,NCOR2,0.998,9606.ENSP00000268712,9606.ENSP00000384018
TP53,HERC1,0.72,9606.ENSP00000269305,9606.ENSP00000390158
TP53,ANK2,0.727,9606.ENSP00000269305,9606.ENSP00000349588
TP53,DMD,0.73,9606.ENSP00000269305,9606.ENSP00000354923
TP53,LRRK2,0.738,9606.ENSP00000269305,9606.ENSP00000298910
TP53,CHD4,0.749,9606.ENSP00000269305,9606.ENSP00000440542
TP53,ANK3,0.753,9606.ENSP00000269305,9606.ENSP00000280772
TP53,KMT2A,0.757,9606.ENSP00000269305,9606.ENSP00000436786
TP53,JAK1,0.774,9606.ENSP00000269305,9606.ENSP00000499900
TP53,CDK12,0.775,9606.ENSP00000269305,9606.ENSP00000398880
TP53,KMT2D,0.81,9606.ENSP00000269305,9606.ENSP00000301067
TP53,GNAS,0.81,9606.ENSP00000269305,9606.ENSP00000360141
TP53,PXDNL,0.821,9606.ENSP00000269305,9606.ENSP00000348645
TP53,AR,0.905,9606.ENSP00000269305,9606.ENSP00000363822
TP53,CTNNB1,0.927,9606.ENSP00000269305,9606.ENSP00000495360
TP53,ARID1A,0.961,9606.ENSP00000269305,9606.ENSP00000320485
TP53,BRCA2,0.995,9606.ENSP00000269305,9606.ENSP00000369497
TP53,PRKDC,0.997,9606.ENSP00000269305,9606.ENSP00000313420
TP53,ATM,0.999,9606.ENSP00000269305,9606.ENSP00000278616
TP53,USP7,0.999,9606.ENSP00000269305,9606.ENSP00000343535
TP53,PTEN,0.999,9606.ENSP00000269305,9606.ENSP00000361021
TENM4,ANK3,0.726,9606.ENSP00000278550,9606.ENSP00000280772
ATM,SMG1,0.705,9606.ENSP00000278616,9606.ENSP00000402515
ATM,SPOP,0.722,9606.ENSP00000278616,9606.ENSP00000377001
ATM,CDK12,0.831,9606.ENSP00000278616,9606.ENSP00000398880
ATM,PTEN,0.897,9606.ENSP00000278616,9606.ENSP00000361021
ATM,PRKDC,0.971,9606.ENSP00000278616,9606.ENSP00000313420
ATM,BRCA2,0.995,9606.ENSP00000278616,9606.ENSP00000369497
FREM2,FRAS1,0.982,9606.ENSP00000280481,9606.ENSP00000422834
ANK3,SPTBN2,0.844,9606.ENSP00000280772,9606.ENSP00000432568
ANK3,SPTA1,0.863,9606.ENSP00000280772,9606.ENSP00000495214
ANK3,ANK2,0.911,9606.ENSP00000280772,9606.ENSP00000349588
ANK3,SPTAN1,0.972,9606.ENSP00000280772,9606.ENSP00000487444
ANK3,SCN5A,0.993,9606.ENSP00000280772,9606.ENSP00000328968
PREX2,PTEN,0.99,9606.ENSP00000288368,9606.ENSP00000361021
SHANK1,GRIN2A,0.742,9606.ENSP00000293441,9606.ENSP00000332549
SHANK1,SPTAN1,0.812,9606.ENSP00000293441,9606.ENSP00000487444
COL6A3,COL12A1,0.788,9606.ENSP00000295550,9606.ENSP00000325146
COL6A3,COL11A1,0.826,9606.ENSP00000295550,9606.ENSP00000359114
BSN,PCLO,0.904,9606.ENSP00000296452,9606.ENSP00000334319
LRRK2,DYNC1H1,0.735,9606.ENSP00000298910,9606.ENSP00000348965
LRRK2,CTNNB1,0.889,9606.ENSP00000298910,9606.ENSP00000495360
DCHS1,CTNNA2,0.716,9606.ENSP00000299441,9606.ENSP00000384638
DCHS1,CTNNB1,0.787,9606.ENSP00000299441,9606.ENSP00000495360
KMT2D,AR,0.713,9606.ENSP00000301067,9606.ENSP00000363822
KMT2D,ARID1A,0.813,9606.ENSP00000301067,9606.ENSP00000320485
KMT2D,SETD1B,0.896,9606.ENSP00000301067,9606.ENSP00000474253
KMT2D,CTNNB1,0.936,9606.ENSP00000301067,9606.ENSP00000495360
KMT2D,KMT2A,0.997,9606.ENSP00000301067,9606.ENSP00000436786
MUC17,MUC6,0.905,9606.ENSP00000302716,9606.ENSP00000406861
MUC17,MUC5B,0.918,9606.ENSP00000302716,9606.ENSP00000436812
MUC17,MUC2,0.945,9606.ENSP00000302716,9606.ENSP00000494061
COL22A1,COL12A1,0.876,9606.ENSP00000303153,9606.ENSP00000325146
DNAH7,DNAH1,0.911,9606.ENSP00000311273,9606.ENSP00000401514
DNAH7,DNAH17,0.914,9606.ENSP00000311273,9606.ENSP00000374490
DNAH7,DNAH8,0.916,9606.ENSP00000311273,9606.ENSP00000333363
DNAH7,DNAH2,0.96,9606.ENSP00000311273,9606.ENSP00000458355
PRKDC,BRCA2,0.887,9606.ENSP00000313420,9606.ENSP00000369497
ARID1A,CHD4,0.726,9606.ENSP00000320485,9606.ENSP00000440542
ARID1A,PTEN,0.743,9606.ENSP00000320485,9606.ENSP00000361021
ARID1A,ARID1B,0.999,9606.ENSP00000320485,9606.ENSP00000490491
COL12A1,LAMA2,0.767,9606.ENSP00000325146,9606.ENSP00000400365
COL12A1,COL7A1,0.803,9606.ENSP00000325146,9606.ENSP00000332371
FLNC,AR,0.777,9606.ENSP00000327145,9606.ENSP00000363822
FLNC,DMD,0.856,9606.ENSP00000327145,9606.ENSP00000354923
FLNC,FLNB,0.921,9606.ENSP00000327145,9606.ENSP00000420213
SCN5A,CACNA1H,0.701,9606.ENSP00000328968,9606.ENSP00000334198
SCN5A,DMD,0.717,9606.ENSP00000328968,9606.ENSP00000354923
SCN5A,ANK2,0.888,9606.ENSP00000328968,9606.ENSP00000349588
GRIN2A,GRM4,0.737,9606.ENSP00000332549,9606.ENSP00000440556
GRIN2A,GRM3,0.936,9606.ENSP00000332549,9606.ENSP00000355316
DNAH8,DNAH2,0.915,9606.ENSP00000333363,9606.ENSP00000458355
DNAH8,DNAH1,0.921,9606.ENSP00000333363,9606.ENSP00000401514
DNAH8,DNAH17,0.951,9606.ENSP00000333363,9606.ENSP00000374490
CACNA1H,CACNA1A,0.762,9606.ENSP00000334198,9606.ENSP00000489829
CACNA1H,CACNA1B,0.772,9606.ENSP00000334198,9606.ENSP00000360423
CACNA1H,CACNA1I,0.979,9606.ENSP00000334198,9606.ENSP00000385019
BCL9L,CTNNB1,0.992,9606.ENSP00000335320,9606.ENSP00000495360
SMC4,ASPM,0.809,9606.ENSP00000341382,9606.ENSP00000356379
USP7,CTNNB1,0.881,9606.ENSP00000343535,9606.ENSP00000495360
USP7,PTEN,0.979,9606.ENSP00000343535,9606.ENSP00000361021
PXDNL,PTPRC,0.712,9606.ENSP00000348645,9606.ENSP00000411355
PXDNL,CTNNB1,0.774,9606.ENSP00000348645,9606.ENSP00000495360
ANK2,DMD,0.76,9606.ENSP00000349588,9606.ENSP00000354923
ANK2,CTNNB1,0.765,9606.ENSP00000349588,9606.ENSP00000495360
ANK2,SPTBN2,0.792,9606.ENSP00000349588,9606.ENSP00000432568
ANK2,SPTA1,0.816,9606.ENSP00000349588,9606.ENSP00000495214
ANK2,SPTAN1,0.995,9606.ENSP00000349588,9606.ENSP00000487444
MYPN,NEB,0.991,9606.ENSP00000351790,9606.ENSP00000484342
DMD,HSPG2,0.789,9606.ENSP00000354923,9606.ENSP00000363827
DMD,DYSF,0.959,9606.ENSP00000354923,9606.ENSP00000386881
DMD,NEB,0.964,9606.ENSP00000354923,9606.ENSP00000484342
DMD,LAMA2,0.978,9606.ENSP00000354923,9606.ENSP00000400365
CACNA1B,CACNA1A,0.945,9606.ENSP00000360423,9606.ENSP00000489829
PTEN,BRCA2,0.877,9606.ENSP00000361021,9606.ENSP00000369497
PTEN,AR,0.892,9606.ENSP00000361021,9606.ENSP00000363822
PTEN,CTNNB1,0.943,9606.ENSP00000361021,9606.ENSP00000495360
PTEN,SPOP,0.99,9606.ENSP00000361021,9606.ENSP00000377001
CHD6,CHD1,0.775,9606.ENSP00000362330,9606.ENSP00000483667
PCDH15,LOXHD1,0.7,9606.ENSP00000363068,9606.ENSP00000444586
PCDH15,MYO15A,0.771,9606.ENSP00000363068,9606.ENSP00000495481
PCDH15,ADGRV1,0.929,9606.ENSP00000363068,9606.ENSP00000384582
AR,FLNB,0.779,9606.ENSP00000363822,9606.ENSP00000420213
AR,SPOP,0.953,9606.ENSP00000363822,9606.ENSP00000377001
AR,NCOR2,0.971,9606.ENSP00000363822,9606.ENSP00000384018
AR,CTNNB1,0.996,9606.ENSP00000363822,9606.ENSP00000495360
HSPG2,LAMA1,0.833,9606.ENSP00000363827,9606.ENSP00000374309
SPEN,NCOR2,0.975,9606.ENSP00000364912,9606.ENSP00000384018
AHNAK,DYSF,0.982,9606.ENSP00000367263,9606.ENSP00000386881
BRCA2,CDK12,0.74,9606.ENSP00000369497,9606.ENSP00000398880
LAMA1,LAMA2,0.921,9606.ENSP00000374309,9606.ENSP00000400365
DNAH17,DNAH2,0.914,9606.ENSP00000374490,9606.ENSP00000458355
DNAH17,DNAH1,0.919,9606.ENSP00000374490,9606.ENSP00000401514
FAT4,CTNNB1,0.784,9606.ENSP00000377862,9606.ENSP00000495360
MYH2,NEB,0.737,9606.ENSP00000380367,9606.ENSP00000484342
MYH2,XIRP2,0.829,9606.ENSP00000380367,9606.ENSP00000386840
DNAH14,DNAH1,0.957,9606.ENSP00000383737,9606.ENSP00000401514
ADGRV1,MYO15A,0.835,9606.ENSP00000384582,9606.ENSP00000495481
CTNNA2,CTNNB1,0.998,9606.ENSP00000384638,9606.ENSP00000495360
XIRP2,NEB,0.714,9606.ENSP00000386840,9606.ENSP00000484342
XIRP2,SPTAN1,0.806,9606.ENSP00000386840,9606.ENSP00000487444
XIRP2,TRIOBP,0.868,9606.ENSP00000386840,9606.ENSP00000496394
DYSF,LAMA2,0.871,9606.ENSP00000386881,9606.ENSP00000400365
TNIK,CTNNB1,0.869,9606.ENSP00000399511,9606.ENSP00000495360
DNAH1,DNAH2,0.929,9606.ENSP00000401514,9606.ENSP00000458355
FAT1,CTNNB1,0.933,9606.ENSP00000406229,9606.ENSP00000495360
MUC6,MUC5B,0.852,9606.ENSP00000406861,9606.ENSP00000436812
MUC6,MUC2,0.993,9606.ENSP00000406861,9606.ENSP00000494061
PTPRC,CTNNB1,0.735,9606.ENSP00000411355,9606.ENSP00000495360
SPTBN2,CACNA1A,0.824,9606.ENSP00000432568,9606.ENSP00000489829
SPTBN2,SPTA1,0.869,9606.ENSP00000432568,9606.ENSP00000495214
SPTBN2,SPTAN1,0.959,9606.ENSP00000432568,9606.ENSP00000487444
KMT2A,SETD1B,0.852,9606.ENSP00000436786,9606.ENSP00000474253
MUC5B,MUC2,0.898,9606.ENSP00000436812,9606.ENSP00000494061
CHD4,ZFHX4,0.862,9606.ENSP00000440542,9606.ENSP00000498627
LOXHD1,MYO15A,0.722,9606.ENSP00000444586,9606.ENSP00000495481
FCGBP,MUC2,0.885,9606.ENSP00000481056,9606.ENSP00000494061
SPTAN1,TRIOBP,0.854,9606.ENSP00000487444,9606.ENSP00000496394
SPTAN1,SPTA1,0.906,9606.ENSP00000487444,9606.ENSP00000495214
MYO15A,TRIOBP,0.829,9606.ENSP00000495481,9606.ENSP00000496394
MYH1,MYH6,0.915,9606.ENSP00000226207,9606.ENSP00000386041
MYH1,MYH14,0.915,9606.ENSP00000226207,9606.ENSP00000493594
MYH1,MYH13,0.943,9606.ENSP00000226207,9606.ENSP00000404570
PLCG1,CARD11,0.705,9606.ENSP00000244007,9606.ENSP00000380150
PLCG1,DCC,0.904,9606.ENSP00000244007,9606.ENSP00000389140
PLCG1,PIKFYVE,0.91,9606.ENSP00000244007,9606.ENSP00000264380
PLCG1,PIK3CB,0.924,9606.ENSP00000244007,9606.ENSP00000501150
PLCG1,PLCG2,0.964,9606.ENSP00000244007,9606.ENSP00000482457
E2F8,MKI67,0.782,9606.ENSP00000250024,9606.ENSP00000357643
E2F8,CENPF,0.803,9606.ENSP00000250024,9606.ENSP00000355922
SEMA6A,PLXNA1,0.92,9606.ENSP00000257414,9606.ENSP00000377061
UTP20,MDN1,0.802,9606.ENSP00000261637,9606.ENSP00000358400
HCN4,CACNA1C,0.832,9606.ENSP00000261917,9606.ENSP00000266376
HCN4,HCN1,0.904,9606.ENSP00000261917,9606.ENSP00000307342
TRPA1,SCN10A,0.763,9606.ENSP00000262209,9606.ENSP00000390600
SRCAP,EP400,0.903,9606.ENSP00000262518,9606.ENSP00000374212
SRCAP,TRRAP,0.93,9606.ENSP00000262518,9606.ENSP00000352925
PCDH10,SCN1A,0.865,9606.ENSP00000264360,9606.ENSP00000303540
PIKFYVE,PLCG2,0.91,9606.ENSP00000264380,9606.ENSP00000482457
SI,MGAM,0.909,9606.ENSP00000264382,9606.ENSP00000447378
SI,HKDC1,0.919,9606.ENSP00000264382,9606.ENSP00000346643
NRXN2,GRM5,0.713,9606.ENSP00000265459,9606.ENSP00000306138
NRXN2,DLGAP3,0.719,9606.ENSP00000265459,9606.ENSP00000362444
NRXN2,SHANK2,0.88,9606.ENSP00000265459,9606.ENSP00000345193
CACNA1C,KCNMA1,0.918,9606.ENSP00000266376,9606.ENSP00000286628
CACNA1C,CACNA1S,0.982,9606.ENSP00000266376,9606.ENSP00000355192
DLC1,TLN2,0.821,9606.ENSP00000276297,9606.ENSP00000453508
GRM1,SHANK2,0.714,9606.ENSP00000282753,9606.ENSP00000345193
GRM1,GRM5,0.977,9606.ENSP00000282753,9606.ENSP00000306138
RANBP2,ADGRB1,0.9,9606.ENSP00000283195,9606.ENSP00000430945
KCNMA1,CACNA1S,0.791,9606.ENSP00000286628,9606.ENSP00000355192
COL14A1,FN1,0.74,9606.ENSP00000297848,9606.ENSP00000346839
COL14A1,COL15A1,0.779,9606.ENSP00000297848,9606.ENSP00000364140
COL14A1,COL5A1,0.786,9606.ENSP00000297848,9606.ENSP00000360882
COL14A1,COL6A2,0.799,9606.ENSP00000297848,9606.ENSP00000300527
COL6A2,THBS2,0.754,9606.ENSP00000300527,9606.ENSP00000355751
COL6A2,COL15A1,0.777,9606.ENSP00000300527,9606.ENSP00000364140
COL6A2,FN1,0.802,9606.ENSP00000300527,9606.ENSP00000346839
COL6A2,COL4A2,0.813,9606.ENSP00000300527,9606.ENSP00000353654
COL6A2,COL5A1,0.862,9606.ENSP00000300527,9606.ENSP00000360882
SCN1A,SPTBN4,0.718,9606.ENSP00000303540,9606.ENSP00000469242
SCN1A,SCN11A,0.829,9606.ENSP00000303540,9606.ENSP00000499569
GRM5,NRXN3,0.724,9606.ENSP00000306138,9606.ENSP00000489551
GRM5,GAD2,0.75,9606.ENSP00000306138,9606.ENSP00000365437
GRM5,DLGAP3,0.786,9606.ENSP00000306138,9606.ENSP00000362444
GRM5,SHANK2,0.869,9606.ENSP00000306138,9606.ENSP00000345193
PPL,DSP,0.953,9606.ENSP00000340510,9606.ENSP00000369129
SHANK2,NRXN3,0.725,9606.ENSP00000345193,9606.ENSP00000489551
SHANK2,CNTNAP2,0.826,9606.ENSP00000345193,9606.ENSP00000354778
SHANK2,DLGAP3,0.917,9606.ENSP00000345193,9606.ENSP00000362444
HKDC1,MGAM,0.922,9606.ENSP00000346643,9606.ENSP00000447378
FN1,COL4A2,0.75,9606.ENSP00000346839,9606.ENSP00000353654
FN1,COL5A1,0.84,9606.ENSP00000346839,9606.ENSP00000360882
FN1,ITGAM,0.853,9606.ENSP00000346839,9606.ENSP00000496959
FN1,THBS2,0.854,9606.ENSP00000346839,9606.ENSP00000355751
FN1,ITGAX,0.865,9606.ENSP00000346839,9606.ENSP00000454623
FN1,TLN2,0.984,9606.ENSP00000346839,9606.ENSP00000453508
ANKRD17,ANKHD1,0.812,9606.ENSP00000351416,9606.ENSP00000354085
TRRAP,MED12,0.71,9606.ENSP00000352925,9606.ENSP00000363193
TRRAP,EP400,0.999,9606.ENSP00000352925,9606.ENSP00000374212
COL4A2,COL15A1,0.777,9606.ENSP00000353654,9606.ENSP00000364140
COL4A2,COL5A1,0.872,9606.ENSP00000353654,9606.ENSP00000360882
CNTNAP2,GAD2,0.825,9606.ENSP00000354778,9606.ENSP00000365437
THBS2,COL5A1,0.742,9606.ENSP00000355751,9606.ENSP00000360882
EPRS1,GAD2,0.829,9606.ENSP00000355890,9606.ENSP00000365437
CENPF,MKI67,0.979,9606.ENSP00000355922,9606.ENSP00000357643
COL5A1,ZNF469,0.743,9606.ENSP00000360882,9606.ENSP00000456500
COL5A1,TNXB,0.781,9606.ENSP00000360882,9606.ENSP00000407685
COL5A1,COL15A1,0.793,9606.ENSP00000360882,9606.ENSP00000364140
COL5A1,COL11A2,0.891,9606.ENSP00000360882,9606.ENSP00000363840
MED12,MED13,0.999,9606.ENSP00000363193,9606.ENSP00000380888
IRS2,PIK3CB,0.947,9606.ENSP00000365016,9606.ENSP00000501150
KDM2B,KDM6A,0.703,9606.ENSP00000366271,9606.ENSP00000367203
STAB2,ADGRB1,0.862,9606.ENSP00000373539,9606.ENSP00000430945
CARD11,CARD10,0.949,9606.ENSP00000380150,9606.ENSP00000384570
MED13,MYH7B,0.829,9606.ENSP00000380888,9606.ENSP00000483640
MED13,MED12L,0.996,9606.ENSP00000380888,9606.ENSP00000417235
MYH6,MYH13,0.912,9606.ENSP00000386041,9606.ENSP00000404570
MYH6,MYH14,0.913,9606.ENSP00000386041,9606.ENSP00000493594
DCC,PLCG2,0.9,9606.ENSP00000389140,9606.ENSP00000482457
MYH13,MYH14,0.915,9606.ENSP00000404570,9606.ENSP00000493594
ITGAX,ITGAM,0.729,9606.ENSP00000454623,9606.ENSP00000496959
SPTBN4,SPTB,0.751,9606.ENSP00000469242,9606.ENSP00000495909
PLCG2,PIK3CB,0.938,9606.ENSP00000482457,9606.ENSP00000501150
ITGAM,PIK3CB,0.915,9606.ENSP00000496959,9606.ENSP00000501150
NID2,COL4A1,0.74,9606.ENSP00000216286,9606.ENSP00000364979
NID2,LAMA4,0.896,9606.ENSP00000216286,9606.ENSP00000230538
NID2,NID1,0.916,9606.ENSP00000216286,9606.ENSP00000264187
PYGB,GYS1,0.956,9606.ENSP00000216962,9606.ENSP00000317904
TSC2,PKD1,0.951,9606.ENSP00000219476,9606.ENSP00000262304
KAT2A,MAML3,0.831,9606.ENSP00000225916,9606.ENSP00000421180
LAMA4,DAG1,0.781,9606.ENSP00000230538,9606.ENSP00000442600
LAMA4,COL4A1,0.787,9606.ENSP00000230538,9606.ENSP00000364979
LAMA4,NID1,0.797,9606.ENSP00000230538,9606.ENSP00000264187
BCL9,FCRL5,0.721,9606.ENSP00000234739,9606.ENSP00000354691
LIPE,PLIN4,0.705,9606.ENSP00000244289,9606.ENSP00000488481
NUP210,NUP210L,0.926,9606.ENSP00000254508,9606.ENSP00000357547
UNC13C,RIMS2,0.966,9606.ENSP00000260323,9606.ENSP00000427018
NID1,DAG1,0.788,9606.ENSP00000264187,9606.ENSP00000442600
NID1,LAMA3,0.813,9606.ENSP00000264187,9606.ENSP00000324532
NID1,COL4A1,0.855,9606.ENSP00000264187,9606.ENSP00000364979
COL5A3,COL4A1,0.733,9606.ENSP00000264828,9606.ENSP00000364979
ADCY8,ADCY5,0.719,9606.ENSP00000286355,9606.ENSP00000419361
ADCY8,GRIN2B,0.785,9606.ENSP00000286355,9606.ENSP00000477455
NOD2,CARD14,0.771,9606.ENSP00000300589,9606.ENSP00000498071
LAMA3,DAG1,0.745,9606.ENSP00000324532,9606.ENSP00000442600
PRX,DAG1,0.749,9606.ENSP00000326018,9606.ENSP00000442600
MTA1,BCL11A,0.922,9606.ENSP00000333633,9606.ENSP00000496168
NPR2,NPR1,0.949,9606.ENSP00000341083,9606.ENSP00000357669
ADCY2,ADCY5,0.891,9606.ENSP00000342952,9606.ENSP00000419361
TSPOAP1,RIMS2,0.97,9606.ENSP00000345824,9606.ENSP00000427018
PCNT,CROCC,0.702,9606.ENSP00000352572,9606.ENSP00000364691
PTPRF,LRRC4B,0.982,9606.ENSP00000353030,9606.ENSP00000498662
PTPN14,WWC1,0.951,9606.ENSP00000355923,9606.ENSP00000427772
LGR6,ZNRF3,0.877,9606.ENSP00000356247,9606.ENSP00000443824
PLCE1,DGKB,0.752,9606.ENSP00000360431,9606.ENSP00000385780
PLCE1,ITPR2,0.917,9606.ENSP00000360431,9606.ENSP00000370744
UBR2,UBR5,0.725,9606.ENSP00000361990,9606.ENSP00000429084
ASXL1,ASXL2,0.852,9606.ENSP00000364839,9606.ENSP00000383920
PTPRD,LRRC4B,0.742,9606.ENSP00000370593,9606.ENSP00000498662
PTPRD,SLITRK3,0.937,9606.ENSP00000370593,9606.ENSP00000420091
BICRA,BCL11A,0.918,9606.ENSP00000379946,9606.ENSP00000496168
NRXN1,GRIN2B,0.832,9606.ENSP00000385142,9606.ENSP00000477455
NRXN1,DAG1,0.998,9606.ENSP00000385142,9606.ENSP00000442600
DGKB,ADCY5,0.928,9606.ENSP00000385780,9606.ENSP00000419361
PMS1,BRCA1,0.886,9606.ENSP00000406490,9606.ENSP00000418960
HELZ2,PARP14,0.765,9606.ENSP00000417401,9606.ENSP00000418194
LAMB1,COL5A2,0.754,9606.ENSP00000222399,9606.ENSP00000364000
LAMB1,COL6A1,0.843,9606.ENSP00000222399,9606.ENSP00000355180
ADAMTS2,COL5A2,0.797,9606.ENSP00000251582,9606.ENSP00000364000
SCN3A,SCN9A,0.939,9606.ENSP00000283254,9606.ENSP00000386306
FLAD1,NOS2,0.768,9606.ENSP00000292180,9606.ENSP00000327251
SRRM2,ZC3H18,0.75,9606.ENSP00000301740,9606.ENSP00000416951
USP48,UBA6,0.82,9606.ENSP00000309262,9606.ENSP00000313454
SLIT3,ROBO1,0.999,9606.ENSP00000332164,9606.ENSP00000420321
PTCH1,PTCH2,0.928,9606.ENSP00000332353,9606.ENSP00000361266
UNC5B,AGAP2,0.926,9606.ENSP00000334329,9606.ENSP00000449241
SPAG17,SPEF2,0.714,9606.ENSP00000337804,9606.ENSP00000348314
TRPV2,TRPM3,0.825,9606.ENSP00000342222,9606.ENSP00000366314
DNER,DPP6,0.715,9606.ENSP00000345229,9606.ENSP00000367001
MAGI2,NPHS1,0.762,9606.ENSP00000346151,9606.ENSP00000368190
SPEF2,CFAP54,0.744,9606.ENSP00000348314,9606.ENSP00000431759
KIRREL2,NPHS2,0.926,9606.ENSP00000353331,9606.ENSP00000356587
KIRREL2,NPHS1,0.984,9606.ENSP00000353331,9606.ENSP00000368190
SCAF1,PRR12,0.802,9606.ENSP00000353769,9606.ENSP00000394510
MTOR,EIF4G1,0.719,9606.ENSP00000354558,9606.ENSP00000416255
MTOR,PIK3CG,0.857,9606.ENSP00000354558,9606.ENSP00000419260
COL6A1,COL5A2,0.904,9606.ENSP00000355180,9606.ENSP00000364000
NPHS2,NPHS1,0.999,9606.ENSP00000356587,9606.ENSP00000368190
EIF3A,EIF4G1,0.966,9606.ENSP00000358140,9606.ENSP00000416255
FLNA,CASR,0.872,9606.ENSP00000358866,9606.ENSP00000420194
CHRM2,PIK3CG,0.708,9606.ENSP00000399745,9606.ENSP00000419260
MED24,POLR2A,0.876,9606.ENSP00000440100,9606.ENSP00000461879
POLR2A,FBF1,0.82,9606.ENSP00000461879,9606.ENSP00000490726
TNS1,TLN1,0.701,9606.ENSP00000171887,9606.ENSP00000316029
ITGB4,IGF1R,0.705,9606.ENSP00000200181,9606.ENSP00000497069
ITGB4,THBS4,0.707,9606.ENSP00000200181,9606.ENSP00000339730
ITGB4,COL1A1,0.756,9606.ENSP00000200181,9606.ENSP00000225964
ITGB4,TLN1,0.847,9606.ENSP00000200181,9606.ENSP00000316029
ITGB4,THBS1,0.854,9606.ENSP00000200181,9606.ENSP00000260356
COL1A1,COL18A1,0.724,9606.ENSP00000225964,9606.ENSP00000352798
COL1A1,DDR2,0.856,9606.ENSP00000225964,9606.ENSP00000356899
COL1A1,THBS1,0.896,9606.ENSP00000225964,9606.ENSP00000260356
HDAC5,HDAC2,0.751,9606.ENSP00000225983,9606.ENSP00000430432
GLI1,IGF2BP1,0.767,9606.ENSP00000228682,9606.ENSP00000290341
GLI1,MTSS1,0.767,9606.ENSP00000228682,9606.ENSP00000322804
GLI1,GLI3,0.923,9606.ENSP00000228682,9606.ENSP00000379258
CDKN1B,IGF1R,0.732,9606.ENSP00000228872,9606.ENSP00000497069
CDKN1B,DDB1,0.952,9606.ENSP00000228872,9606.ENSP00000301764
MSH2,CHEK2,0.934,9606.ENSP00000233146,9606.ENSP00000372023
MSH2,MSH6,0.999,9606.ENSP00000233146,9606.ENSP00000234420
MSH6,CHEK2,0.89,9606.ENSP00000234420,9606.ENSP00000372023
TTC21B,GLI3,0.842,9606.ENSP00000243344,9606.ENSP00000379258
DOCK7,DHX37,0.718,9606.ENSP00000251157,9606.ENSP00000311135
THBS1,COL18A1,0.864,9606.ENSP00000260356,9606.ENSP00000352798
KCNH2,KCND2,0.798,9606.ENSP00000262186,9606.ENSP00000333496
KAT6A,HDAC2,0.748,9606.ENSP00000265713,9606.ENSP00000430432
PML,HDAC2,0.859,9606.ENSP00000268058,9606.ENSP00000430432
PML,HIPK2,0.892,9606.ENSP00000268058,9606.ENSP00000385571
SETDB1,CHD3,0.779,9606.ENSP00000271640,9606.ENSP00000369716
SETDB1,HDAC2,0.816,9606.ENSP00000271640,9606.ENSP00000430432
GRIK5,GRIK2,0.999,9606.ENSP00000301218,9606.ENSP00000397026
DDB1,IKZF1,0.945,9606.ENSP00000301764,9606.ENSP00000331614
DDB1,WDTC1,0.996,9606.ENSP00000301764,9606.ENSP00000317971
ANO5,TRIM32,0.738,9606.ENSP00000315371,9606.ENSP00000408292
DLGAP1,GRIA1,0.852,9606.ENSP00000316377,9606.ENSP00000428994
IKZF1,CHD3,0.898,9606.ENSP00000331614,9606.ENSP00000369716
IKZF1,HDAC2,0.928,9606.ENSP00000331614,9606.ENSP00000430432
HIP1,CLTC,0.98,9606.ENSP00000336747,9606.ENSP00000479606
KCNQ5,CLTC,0.904,9606.ENSP00000345055,9606.ENSP00000479606
MYH7,MYH3,0.794,9606.ENSP00000347507,9606.ENSP00000464317
MYH7,MYH10,0.914,9606.ENSP00000347507,9606.ENSP00000353590
MYLK,MYH10,0.807,9606.ENSP00000353452,9606.ENSP00000353590
MYH10,MYH3,0.76,9606.ENSP00000353590,9606.ENSP00000464317
AGT,TMPRSS2,0.731,9606.ENSP00000355627,9606.ENSP00000381588
PIK3C2B,PIK3R1,0.953,9606.ENSP00000356155,9606.ENSP00000428056
DNM1,CLTC,0.941,9606.ENSP00000362014,9606.ENSP00000479606
CHD3,HDAC2,0.999,9606.ENSP00000369716,9606.ENSP00000430432
GRIP1,GRIK2,0.811,9606.ENSP00000381098,9606.ENSP00000397026
GRIP1,GRIA1,0.96,9606.ENSP00000381098,9606.ENSP00000428994
KDM5A,HDAC2,0.878,9606.ENSP00000382688,9606.ENSP00000430432
INTS1,ZMYND8,0.994,9606.ENSP00000385722,9606.ENSP00000439800
GRIK2,GRIA1,0.751,9606.ENSP00000397026,9606.ENSP00000428994
PIK3R1,IGF1R,0.994,9606.ENSP00000428056,9606.ENSP00000497069
TRPM5,PKD2L1,0.947,9606.ENSP00000155858,9606.ENSP00000325296
CDK13,SUPT5H,0.924,9606.ENSP00000181839,9606.ENSP00000470252
CDH9,CDH18,0.749,9606.ENSP00000231021,9606.ENSP00000371710
CDH9,CDH12,0.797,9606.ENSP00000231021,9606.ENSP00000371689
PIWIL1,MAEL,0.806,9606.ENSP00000245255,9606.ENSP00000356846
PIWIL1,TNRC6A,0.955,9606.ENSP00000245255,9606.ENSP00000379144
PIWIL1,TDRD6,0.992,9606.ENSP00000245255,9606.ENSP00000346065
TRPM4,TRPV3,0.749,9606.ENSP00000252826,9606.ENSP00000301365
LAMC1,FBN1,0.72,9606.ENSP00000258341,9606.ENSP00000325527
LAMC1,ITGA4,0.747,9606.ENSP00000258341,9606.ENSP00000380227
LAMC1,COL27A1,0.783,9606.ENSP00000258341,9606.ENSP00000348385
LAMC1,ITGB5,0.814,9606.ENSP00000258341,9606.ENSP00000296181
PALB2,CUL3,0.706,9606.ENSP00000261584,9606.ENSP00000264414
PALB2,WRN,0.781,9606.ENSP00000261584,9606.ENSP00000298139
PALB2,LIG4,0.8,9606.ENSP00000261584,9606.ENSP00000484288
PALB2,ERCC5,0.813,9606.ENSP00000261584,9606.ENSP00000498881
PALB2,FANCM,0.94,9606.ENSP00000261584,9606.ENSP00000267430
FLT4,FLT1,0.92,9606.ENSP00000261937,9606.ENSP00000282397
ARFGEF1,ARFGEF2,0.83,9606.ENSP00000262215,9606.ENSP00000360985
CREBBP,PAX6,0.855,9606.ENSP00000262367,9606.ENSP00000492024
CREBBP,CREB5,0.925,9606.ENSP00000262367,9606.ENSP00000350359
CREBBP,STAT5B,0.934,9606.ENSP00000262367,9606.ENSP00000293328
CUL3,SEC31A,0.716,9606.ENSP00000264414,9606.ENSP00000378721
CUL3,ANKFY1,0.717,9606.ENSP00000264414,9606.ENSP00000459943
CUL3,ZBTB16,0.925,9606.ENSP00000264414,9606.ENSP00000338157
CUL3,CUL7,0.96,9606.ENSP00000264414,9606.ENSP00000438788
CUL3,LZTR1,0.998,9606.ENSP00000264414,9606.ENSP00000496779
CNTNAP1,CNTN2,0.94,9606.ENSP00000264638,9606.ENSP00000330633
CAD,FTCD,0.816,9606.ENSP00000264705,9606.ENSP00000380856
TNC,ITGB5,0.701,9606.ENSP00000265131,9606.ENSP00000296181
TNC,ACAN,0.894,9606.ENSP00000265131,9606.ENSP00000387356
KRT71,KRT74,0.86,9606.ENSP00000267119,9606.ENSP00000307240
FANCM,ERCC5,0.715,9606.ENSP00000267430,9606.ENSP00000498881
FANCM,ATR,0.978,9606.ENSP00000267430,9606.ENSP00000343741
FANCM,WRN,0.994,9606.ENSP00000267430,9606.ENSP00000298139
ITGB5,COL4A3,0.711,9606.ENSP00000296181,9606.ENSP00000379823
ITGB5,LTBP1,0.716,9606.ENSP00000296181,9606.ENSP00000386043
ITGB5,ITGA4,0.967,9606.ENSP00000296181,9606.ENSP00000380227
WRN,LIG4,0.751,9606.ENSP00000298139,9606.ENSP00000484288
WRN,ERCC5,0.753,9606.ENSP00000298139,9606.ENSP00000498881
WRN,ATR,0.966,9606.ENSP00000298139,9606.ENSP00000343741
WNT10B,FZD2,0.869,9606.ENSP00000301061,9606.ENSP00000323901
LTBP3,FBN1,0.719,9606.ENSP00000301873,9606.ENSP00000325527
LTBP3,LTBP1,0.774,9606.ENSP00000301873,9606.ENSP00000386043
MADD,KIF1A,0.741,9606.ENSP00000310933,9606.ENSP00000438388
FBN1,FBLN2,0.971,9606.ENSP00000325527,9606.ENSP00000384169
FBN1,LTBP1,0.989,9606.ENSP00000325527,9606.ENSP00000386043
LMX1A,FOXA2,0.803,9606.ENSP00000340226,9606.ENSP00000400341
ATR,PPP4R3B,0.718,9606.ENSP00000343741,9606.ENSP00000483228
CDK5RAP2,AKAP9,0.943,9606.ENSP00000343818,9606.ENSP00000348573
CDK5RAP2,STIL,0.945,9606.ENSP00000343818,9606.ENSP00000360944
COL27A1,COL4A3,0.703,9606.ENSP00000348385,9606.ENSP00000379823
COL9A1,COL9A2,0.988,9606.ENSP00000349790,9606.ENSP00000361834
COL9A1,COL9A3,0.993,9606.ENSP00000349790,9606.ENSP00000496793
CACNA1G,CATSPERG,0.711,9606.ENSP00000352011,9606.ENSP00000386962
COL9A2,COL9A3,0.992,9606.ENSP00000361834,9606.ENSP00000496793
KIAA1217,ACAN,0.71,9606.ENSP00000365637,9606.ENSP00000387356
CDH12,CDH18,0.752,9606.ENSP00000371689,9606.ENSP00000371710
TNRC6A,TNRC6B,0.853,9606.ENSP00000379144,9606.ENSP00000401946
COL4A3,ITGA4,0.702,9606.ENSP00000379823,9606.ENSP00000380227
FBLN2,ACAN,0.931,9606.ENSP00000384169,9606.ENSP00000387356
FOXA2,PAX6,0.814,9606.ENSP00000400341,9606.ENSP00000492024
LIG4,ERCC5,0.962,9606.ENSP00000484288,9606.ENSP00000498881
CD74,PPP1R26,0.773,9606.ENSP00000009530,9606.ENSP00000349274
RB1CC1,PTK2B,0.977,9606.ENSP00000025008,9606.ENSP00000380638
KDM4B,KDM3B,0.734,9606.ENSP00000159111,9606.ENSP00000326563
KDM4B,KDM6B,0.758,9606.ENSP00000159111,9606.ENSP00000254846
PIK3R2,FGFR3,0.844,9606.ENSP00000222254,9606.ENSP00000339824
PIK3R2,KDR,0.931,9606.ENSP00000222254,9606.ENSP00000263923
PLCB2,PLCB4,0.707,9606.ENSP00000260402,9606.ENSP00000367762
PPIG,PRPF40A,0.837,9606.ENSP00000260970,9606.ENSP00000386458
PPIG,PRPF8,0.877,9606.ENSP00000260970,9606.ENSP00000460348
OSBPL8,OSBPL5,0.754,9606.ENSP00000261183,9606.ENSP00000263650
SETD1A,SIN3A,0.705,9606.ENSP00000262519,9606.ENSP00000378402
SETD1A,PRMT1,0.728,9606.ENSP00000262519,9606.ENSP00000406162
ACIN1,PRPF40A,0.885,9606.ENSP00000262710,9606.ENSP00000386458
KDR,PTPRB,0.754,9606.ENSP00000263923,9606.ENSP00000334928
KDR,PDGFD,0.847,9606.ENSP00000263923,9606.ENSP00000376865
KDR,PLXND1,0.942,9606.ENSP00000263923,9606.ENSP00000317128
SEMA3C,PLXND1,0.988,9606.ENSP00000265361,9606.ENSP00000317128
SCNN1G,SCN2A,0.734,9606.ENSP00000300061,9606.ENSP00000490107
PLK1,FOXM1,0.995,9606.ENSP00000300093,9606.ENSP00000342307
NLRP4,NLRP7,0.719,9606.ENSP00000301295,9606.ENSP00000467123
PEG3,NLRP7,0.745,9606.ENSP00000326581,9606.ENSP00000467123
IDH2,OGDHL,0.983,9606.ENSP00000331897,9606.ENSP00000363216
IDH2,OGDH,0.991,9606.ENSP00000331897,9606.ENSP00000388183
ARID2,SMARCA2,0.994,9606.ENSP00000335044,9606.ENSP00000371638
NELFB,AFF1,0.907,9606.ENSP00000339495,9606.ENSP00000378578
FGFR3,PDGFD,0.788,9606.ENSP00000339824,9606.ENSP00000376865
TJP1,PLEKHA7,0.852,9606.ENSP00000348416,9606.ENSP00000435389
TJP1,AFDN,0.999,9606.ENSP00000348416,9606.ENSP00000355771
TJP1,CLDN5,0.999,9606.ENSP00000348416,9606.ENSP00000385477
AFDN,AFF1,0.852,9606.ENSP00000355771,9606.ENSP00000378578
AFDN,PLEKHA7,0.908,9606.ENSP00000355771,9606.ENSP00000435389
NAV1,SCN2A,0.87,9606.ENSP00000356265,9606.ENSP00000490107
PLA2G4A,PNPLA6,0.783,9606.ENSP00000356436,9606.ENSP00000407509
OGDHL,OGDH,0.975,9606.ENSP00000363216,9606.ENSP00000388183
SIN3B,SIN3A,0.993,9606.ENSP00000369131,9606.ENSP00000378402
SMARCA2,SIN3A,0.83,9606.ENSP00000371638,9606.ENSP00000378402
KCNA1,SCN2A,0.84,9606.ENSP00000371985,9606.ENSP00000490107
KCNQ3,SCN2A,0.859,9606.ENSP00000373648,9606.ENSP00000490107
SIN3A,PRMT1,0.777,9606.ENSP00000378402,9606.ENSP00000406162
SIN3A,RUNX1T1,0.823,9606.ENSP00000378402,9606.ENSP00000402257
PTK2B,ASAP1,0.769,9606.ENSP00000380638,9606.ENSP00000429900
PTK2B,ARHGEF12,0.925,9606.ENSP00000380638,9606.ENSP00000380942
PCDHA11,PCDHA3,0.798,9606.ENSP00000381636,9606.ENSP00000429808
PRPF40A,PRPF40B,0.906,9606.ENSP00000386458,9606.ENSP00000448073
PCDHA3,PCDHA6,0.903,9606.ENSP00000429808,9606.ENSP00000433378
PRPF8,RPGR,0.757,9606.ENSP00000460348,9606.ENSP00000495537
CFTR,SLC26A9,0.91,9606.ENSP00000003084,9606.ENSP00000356102
CFTR,VCP,0.938,9606.ENSP00000003084,9606.ENSP00000351777
IL2RB,IL11,0.73,9606.ENSP00000216223,9606.ENSP00000264563
CRX,TPRX1,0.885,9606.ENSP00000221996,9606.ENSP00000323455
HGF,ERBB2,0.918,9606.ENSP00000222390,9606.ENSP00000269571
HSPA12B,HSPA12A,0.867,9606.ENSP00000254963,9606.ENSP00000489674
KIF13A,KIF20A,0.7,9606.ENSP00000259711,9606.ENSP00000378356
MPP5,SCRIB,0.812,9606.ENSP00000261681,9606.ENSP00000349486
MPP5,CRB1,0.999,9606.ENSP00000261681,9606.ENSP00000356370
PHLPP1,SCRIB,0.913,9606.ENSP00000262719,9606.ENSP00000349486
IL11,CSF3R,0.771,9606.ENSP00000264563,9606.ENSP00000362195
PIK3C2A,PIK3CD,0.759,9606.ENSP00000265970,9606.ENSP00000366563
ERBB2,RASA1,0.815,9606.ENSP00000269571,9606.ENSP00000274376
ERBB2,PIK3CD,0.941,9606.ENSP00000269571,9606.ENSP00000366563
GRID2,GRIA2,0.858,9606.ENSP00000282020,9606.ENSP00000296526
WDR66,CFAP43,0.807,9606.ENSP00000288912,9606.ENSP00000349568
WDR90,CHID1,0.765,9606.ENSP00000293879,9606.ENSP00000398722
WNK2,WNK1,0.969,9606.ENSP00000297954,9606.ENSP00000341292
ADGRA3,ADGRL1,0.726,9606.ENSP00000334952,9606.ENSP00000340688
WNK1,SLC12A4,0.795,9606.ENSP00000341292,9606.ENSP00000395983
WNK1,SLC12A5,0.825,9606.ENSP00000341292,9606.ENSP00000387694
VCP,TMEM129,0.881,9606.ENSP00000351777,9606.ENSP00000372394
WHRN,TMC1,0.817,9606.ENSP00000354623,9606.ENSP00000494684
ACTN2,RBM20,0.747,9606.ENSP00000355537,9606.ENSP00000358532
ACTN2,ACTN1,0.781,9606.ENSP00000355537,9606.ENSP00000377941
CIT,KIF20A,0.943,9606.ENSP00000376306,9606.ENSP00000378356
KIF20A,KIFC3,0.77,9606.ENSP00000378356,9606.ENSP00000442008
KIF20A,KIF18B,0.888,9606.ENSP00000378356,9606.ENSP00000465992
KIFC3,KIF18B,0.732,9606.ENSP00000442008,9606.ENSP00000465992
CYFIP2,CYFIP1,0.975,9606.ENSP00000479719,9606.ENSP00000481038
COIL,SART3,0.878,9606.ENSP00000240316,9606.ENSP00000449386
ITGAV,COL1A2,0.889,9606.ENSP00000261023,9606.ENSP00000297268
ITGAV,ITGA10,0.919,9606.ENSP00000261023,9606.ENSP00000358310
ITGAV,ITGA3,0.968,9606.ENSP00000261023,9606.ENSP00000315190
CACNG4,CACNA2D2,0.837,9606.ENSP00000262138,9606.ENSP00000418081
CACNG4,CACNA1F,0.93,9606.ENSP00000262138,9606.ENSP00000365441
CACNG4,CACNA2D1,0.972,9606.ENSP00000262138,9606.ENSP00000349320
AXIN1,SMURF2,0.87,9606.ENSP00000262320,9606.ENSP00000262435
SMURF2,XPO1,0.719,9606.ENSP00000262435,9606.ENSP00000384863
BRD4,TCERG1,0.703,9606.ENSP00000263377,9606.ENSP00000296702
BRD4,MED23,0.818,9606.ENSP00000263377,9606.ENSP00000357047
BRD4,DOT1L,0.873,9606.ENSP00000263377,9606.ENSP00000381657
BRD4,BRD3,0.96,9606.ENSP00000263377,9606.ENSP00000305918
GTF3C3,BRF1,0.997,9606.ENSP00000263956,9606.ENSP00000448387
HDAC4,DNMT3B,0.702,9606.ENSP00000264606,9606.ENSP00000328547
B4GALNT3,B4GALNT4,0.909,9606.ENSP00000266383,9606.ENSP00000328277
GABRB2,GABRB1,0.95,9606.ENSP00000274547,9606.ENSP00000295454
PRDM14,DNMT3B,0.735,9606.ENSP00000276594,9606.ENSP00000328547
MED13L,MED23,0.978,9606.ENSP00000281928,9606.ENSP00000357047
MERTK,MEGF10,0.799,9606.ENSP00000295408,9606.ENSP00000423354
TCERG1,DDX46,0.927,9606.ENSP00000296702,9606.ENSP00000416534
TCERG1,SNRNP200,0.976,9606.ENSP00000296702,9606.ENSP00000317123
COL1A2,ITGA10,0.724,9606.ENSP00000297268,9606.ENSP00000358310
COL1A2,ITGA3,0.777,9606.ENSP00000297268,9606.ENSP00000315190
NOS3,XDH,0.828,9606.ENSP00000297494,9606.ENSP00000368727
NOS3,NOS1,0.906,9606.ENSP00000297494,9606.ENSP00000477999
MBOAT2,DGKH,0.74,9606.ENSP00000302177,9606.ENSP00000337572
PDS5A,STAG1,0.999,9606.ENSP00000303427,9606.ENSP00000372689
SNTG2,SNTG1,0.762,9606.ENSP00000311837,9606.ENSP00000493900
ITGA3,ITGA10,0.919,9606.ENSP00000315190,9606.ENSP00000358310
SNRNP200,PCARE,0.702,9606.ENSP00000317123,9606.ENSP00000332809
SNRNP200,SART3,0.797,9606.ENSP00000317123,9606.ENSP00000449386
SNRNP200,DDX46,0.874,9606.ENSP00000317123,9606.ENSP00000416534
FAM20C,FGA,0.746,9606.ENSP00000322323,9606.ENSP00000498441
PCARE,PDE6B,0.703,9606.ENSP00000332809,9606.ENSP00000420295
NLRP3,NLRP2,0.81,9606.ENSP00000337383,9606.ENSP00000445135
TRPC6,TRPC4,0.813,9606.ENSP00000340913,9606.ENSP00000486109
CACNA2D1,CACNA2D2,0.741,9606.ENSP00000349320,9606.ENSP00000418081
CACNA2D1,CACNA2D3,0.81,9606.ENSP00000349320,9606.ENSP00000419101
CACNA2D1,CACNA1F,0.987,9606.ENSP00000349320,9606.ENSP00000365441
ABL1,ABL2,0.981,9606.ENSP00000361423,9606.ENSP00000427562
CACNA1F,PDE6B,0.704,9606.ENSP00000365441,9606.ENSP00000420295
CACNA1F,CACNA2D3,0.783,9606.ENSP00000365441,9606.ENSP00000419101
CACNA1F,CACNA2D2,0.854,9606.ENSP00000365441,9606.ENSP00000418081
XDH,NOS1,0.923,9606.ENSP00000368727,9606.ENSP00000477999
DPP10,ZIC4,0.731,9606.ENSP00000376855,9606.ENSP00000435509
MATR3,ATXN2,0.762,9606.ENSP00000378284,9606.ENSP00000446576
ATXN2L,ATXN2,0.953,9606.ENSP00000378917,9606.ENSP00000446576
DDX46,CHERP,0.859,9606.ENSP00000416534,9606.ENSP00000439856
CACNA2D2,CACNA2D3,0.779,9606.ENSP00000418081,9606.ENSP00000419101
MUC12,MUC5AC,0.932,9606.ENSP00000441929,9606.ENSP00000485659
PLOD3,COL17A1,0.778,9606.ENSP00000223127,9606.ENSP00000497653
SLCO5A1,SULF1,0.925,9606.ENSP00000260126,9606.ENSP00000260128
LTBP2,ELN,0.735,9606.ENSP00000261978,9606.ENSP00000351807
NGEF,EPHA6,0.923,9606.ENSP00000264051,9606.ENSP00000374323
NGEF,EPHA3,0.93,9606.ENSP00000264051,9606.ENSP00000337451
NGEF,EPHA1,0.987,9606.ENSP00000264051,9606.ENSP00000275815
SF3B2,SF3B1,0.999,9606.ENSP00000318861,9606.ENSP00000335321
ULK1,SQSTM1,0.959,9606.ENSP00000324560,9606.ENSP00000374455
ULK1,AMBRA1,0.969,9606.ENSP00000324560,9606.ENSP00000431926
NEO1,BMPR1B,0.947,9606.ENSP00000341198,9606.ENSP00000401907
ELN,EMILIN1,0.876,9606.ENSP00000351807,9606.ENSP00000369677
RGS7,RGSL1,0.744,9606.ENSP00000355523,9606.ENSP00000457748
POU2F1,ZNF143,0.84,9606.ENSP00000356840,9606.ENSP00000379847
S1PR3,SPHK2,0.942,9606.ENSP00000365006,9606.ENSP00000469158
RORB,ARNTL,0.93,9606.ENSP00000366093,9606.ENSP00000384517
SQSTM1,AMBRA1,0.747,9606.ENSP00000374455,9606.ENSP00000431926
LPIN1,LPIN3,0.98,9606.ENSP00000397908,9606.ENSP00000487971
AMBRA1,DET1,0.9,9606.ENSP00000431926,9606.ENSP00000456340
ATG2A,ATG9A,0.938,9606.ENSP00000366475,9606.ENSP00000386710
USP28,MYC,0.966,9606.ENSP00000003302,9606.ENSP00000478887
SNAI2,SOX2,0.721,9606.ENSP00000020945,9606.ENSP00000323588
SNAI2,AKT1,0.739,9606.ENSP00000020945,9606.ENSP00000451828
SNAI2,MYC,0.782,9606.ENSP00000020945,9606.ENSP00000478887
SNAI2,EZH2,0.843,9606.ENSP00000020945,9606.ENSP00000320147
SNAI2,MDM2,0.853,9606.ENSP00000020945,9606.ENSP00000258149
SNAI2,SNAI1,0.864,9606.ENSP00000020945,9606.ENSP00000244050
SNAI2,CDH2,0.891,9606.ENSP00000020945,9606.ENSP00000269141
SNAI2,CDH1,0.929,9606.ENSP00000020945,9606.ENSP00000261769
SNAI2,TWIST1,0.952,9606.ENSP00000020945,9606.ENSP00000242261
CHGA,NCAM1,0.83,9606.ENSP00000216492,9606.ENSP00000480132
CHGA,SYP,0.932,9606.ENSP00000216492,9606.ENSP00000263233
CHGA,ENO2,0.941,9606.ENSP00000216492,9606.ENSP00000437402
AURKA,CDK4,0.704,9606.ENSP00000216911,9606.ENSP00000257904
AURKA,MCM6,0.743,9606.ENSP00000216911,9606.ENSP00000264156
AURKA,CHEK1,0.754,9606.ENSP00000216911,9606.ENSP00000391090
AURKA,EZH2,0.761,9606.ENSP00000216911,9606.ENSP00000320147
AURKA,NUSAP1,0.843,9606.ENSP00000216911,9606.ENSP00000499238
AURKA,MYC,0.914,9606.ENSP00000216911,9606.ENSP00000478887
AURKA,CDK1,0.951,9606.ENSP00000216911,9606.ENSP00000378699
AURKA,TOP2A,0.963,9606.ENSP00000216911,9606.ENSP00000411532
AURKA,BUB1,0.971,9606.ENSP00000216911,9606.ENSP00000302530
AURKA,CCNB1,0.979,9606.ENSP00000216911,9606.ENSP00000256442
AURKA,BIRC5,0.993,9606.ENSP00000216911,9606.ENSP00000301633
AURKA,CDC20,0.995,9606.ENSP00000216911,9606.ENSP00000361540
AURKA,TPX2,0.999,9606.ENSP00000216911,9606.ENSP00000300403
CCND1,SNAI1,0.705,9606.ENSP00000227507,9606.ENSP00000244050
CCND1,TWIST1,0.711,9606.ENSP00000227507,9606.ENSP00000242261
CCND1,RAD51,0.721,9606.ENSP00000227507,9606.ENSP00000493712
CCND1,PARP1,0.724,9606.ENSP00000227507,9606.ENSP00000355759
CCND1,CDH2,0.726,9606.ENSP00000227507,9606.ENSP00000269141
CCND1,MAP2K1,0.751,9606.ENSP00000227507,9606.ENSP00000302486
CCND1,BIRC5,0.751,9606.ENSP00000227507,9606.ENSP00000301633
CCND1,SOX2,0.792,9606.ENSP00000227507,9606.ENSP00000323588
CCND1,CCNB1,0.797,9606.ENSP00000227507,9606.ENSP00000256442
CCND1,KRAS,0.835,9606.ENSP00000227507,9606.ENSP00000256078
CCND1,MCL1,0.837,9606.ENSP00000227507,9606.ENSP00000358022
CCND1,CDH1,0.851,9606.ENSP00000227507,9606.ENSP00000261769
CCND1,JAK2,0.852,9606.ENSP00000227507,9606.ENSP00000371067
CCND1,BRAF,0.864,9606.ENSP00000227507,9606.ENSP00000419060
CCND1,NOTCH1,0.902,9606.ENSP00000227507,9606.ENSP00000498587
CCND1,AKT1,0.923,9606.ENSP00000227507,9606.ENSP00000451828
CCND1,MDM2,0.926,9606.ENSP00000227507,9606.ENSP00000258149
CCND1,BCL2,0.958,9606.ENSP00000227507,9606.ENSP00000381185
CCND1,MYC,0.969,9606.ENSP00000227507,9606.ENSP00000478887
CCND1,STAT3,0.98,9606.ENSP00000227507,9606.ENSP00000264657
CCND1,PCNA,0.989,9606.ENSP00000227507,9606.ENSP00000368458
CCND1,CDK1,0.998,9606.ENSP00000227507,9606.ENSP00000378699
CCND1,CDK4,0.999,9606.ENSP00000227507,9606.ENSP00000257904
CCND1,CDK6,0.999,9606.ENSP00000227507,9606.ENSP00000265734
NR3C1,BCL2,0.767,9606.ENSP00000231509,9606.ENSP00000381185
NR3C1,AKT1,0.791,9606.ENSP00000231509,9606.ENSP00000451828
NR3C1,STAT3,0.981,9606.ENSP00000231509,9606.ENSP00000264657
TWIST1,EZH2,0.773,9606.ENSP00000242261,9606.ENSP00000320147
TWIST1,CDH2,0.823,9606.ENSP00000242261,9606.ENSP00000269141
TWIST1,CDH1,0.849,9606.ENSP00000242261,9606.ENSP00000261769
TWIST1,MYC,0.852,9606.ENSP00000242261,9606.ENSP00000478887
TWIST1,FGFR1,0.853,9606.ENSP00000242261,9606.ENSP00000393312
TWIST1,STAT3,0.88,9606.ENSP00000242261,9606.ENSP00000264657
TWIST1,SOX2,0.882,9606.ENSP00000242261,9606.ENSP00000323588
TWIST1,SNAI1,0.901,9606.ENSP00000242261,9606.ENSP00000244050
SNAI1,MYC,0.727,9606.ENSP00000244050,9606.ENSP00000478887
SNAI1,MET,0.731,9606.ENSP00000244050,9606.ENSP00000317272
SNAI1,NOTCH1,0.738,9606.ENSP00000244050,9606.ENSP00000498587
SNAI1,SOX2,0.742,9606.ENSP00000244050,9606.ENSP00000323588
SNAI1,STAT3,0.806,9606.ENSP00000244050,9606.ENSP00000264657
SNAI1,PARP1,0.842,9606.ENSP00000244050,9606.ENSP00000355759
SNAI1,FGFR1,0.846,9606.ENSP00000244050,9606.ENSP00000393312
SNAI1,AKT1,0.85,9606.ENSP00000244050,9606.ENSP00000451828
SNAI1,MDM2,0.851,9606.ENSP00000244050,9606.ENSP00000258149
SNAI1,CDH2,0.932,9606.ENSP00000244050,9606.ENSP00000269141
SNAI1,CDH1,0.965,9606.ENSP00000244050,9606.ENSP00000261769
SNAI1,EZH2,0.998,9606.ENSP00000244050,9606.ENSP00000320147
PARP2,PARP1,0.965,9606.ENSP00000250416,9606.ENSP00000355759
NALCN,UNC80,0.999,9606.ENSP00000251127,9606.ENSP00000391088
CUL9,BIRC5,0.721,9606.ENSP00000252050,9606.ENSP00000301633
KRAS,CDH1,0.723,9606.ENSP00000256078,9606.ENSP00000261769
KRAS,CDK1,0.727,9606.ENSP00000256078,9606.ENSP00000378699
KRAS,NCAM1,0.735,9606.ENSP00000256078,9606.ENSP00000480132
KRAS,CDK4,0.743,9606.ENSP00000256078,9606.ENSP00000257904
KRAS,STAT3,0.817,9606.ENSP00000256078,9606.ENSP00000264657
KRAS,JAK2,0.85,9606.ENSP00000256078,9606.ENSP00000371067
KRAS,NOTCH1,0.853,9606.ENSP00000256078,9606.ENSP00000498587
KRAS,BCL2,0.862,9606.ENSP00000256078,9606.ENSP00000381185
KRAS,MYC,0.872,9606.ENSP00000256078,9606.ENSP00000478887
KRAS,AKT1,0.904,9606.ENSP00000256078,9606.ENSP00000451828
KRAS,MET,0.979,9606.ENSP00000256078,9606.ENSP00000317272
KRAS,FGFR1,0.981,9606.ENSP00000256078,9606.ENSP00000393312
KRAS,MAP2K1,0.995,9606.ENSP00000256078,9606.ENSP00000302486
KRAS,NF1,0.996,9606.ENSP00000256078,9606.ENSP00000351015
KRAS,BRAF,0.999,9606.ENSP00000256078,9606.ENSP00000419060
KRAS,RAF1,0.999,9606.ENSP00000256078,9606.ENSP00000401888
CCNB1,AKT1,0.702,9606.ENSP00000256442,9606.ENSP00000451828
CCNB1,PARP1,0.729,9606.ENSP00000256442,9606.ENSP00000355759
CCNB1,MDM2,0.748,9606.ENSP00000256442,9606.ENSP00000258149
CCNB1,RAD51,0.759,9606.ENSP00000256442,9606.ENSP00000493712
CCNB1,BCL2,0.768,9606.ENSP00000256442,9606.ENSP00000381185
CCNB1,MCM6,0.806,9606.ENSP00000256442,9606.ENSP00000264156
CCNB1,PCNA,0.867,9606.ENSP00000256442,9606.ENSP00000368458
CCNB1,MYC,0.872,9606.ENSP00000256442,9606.ENSP00000478887
CCNB1,NUSAP1,0.923,9606.ENSP00000256442,9606.ENSP00000499238
CCNB1,CDK6,0.927,9606.ENSP00000256442,9606.ENSP00000265734
CCNB1,CHEK1,0.935,9606.ENSP00000256442,9606.ENSP00000391090
CCNB1,CDK4,0.94,9606.ENSP00000256442,9606.ENSP00000257904
CCNB1,TPX2,0.949,9606.ENSP00000256442,9606.ENSP00000300403
CCNB1,TOP2A,0.989,9606.ENSP00000256442,9606.ENSP00000411532
CCNB1,BUB1,0.992,9606.ENSP00000256442,9606.ENSP00000302530
CCNB1,BIRC5,0.993,9606.ENSP00000256442,9606.ENSP00000301633
CCNB1,CDC20,0.999,9606.ENSP00000256442,9606.ENSP00000361540
CCNB1,CDK1,0.999,9606.ENSP00000256442,9606.ENSP00000378699
FOLH1,KLK3,0.94,9606.ENSP00000256999,9606.ENSP00000314151
CDK4,CDH1,0.712,9606.ENSP00000257904,9606.ENSP00000261769
CDK4,MCM6,0.739,9606.ENSP00000257904,9606.ENSP00000264156
CDK4,PARP1,0.756,9606.ENSP00000257904,9606.ENSP00000355759
CDK4,TOP2A,0.773,9606.ENSP00000257904,9606.ENSP00000411532
CDK4,CDC20,0.785,9606.ENSP00000257904,9606.ENSP00000361540
CDK4,BCL2,0.815,9606.ENSP00000257904,9606.ENSP00000381185
CDK4,MCM2,0.855,9606.ENSP00000257904,9606.ENSP00000265056
CDK4,BIRC5,0.857,9606.ENSP00000257904,9606.ENSP00000301633
CDK4,MDM2,0.884,9606.ENSP00000257904,9606.ENSP00000258149
CDK4,RAD51,0.913,9606.ENSP00000257904,9606.ENSP00000493712
CDK4,MYC,0.966,9606.ENSP00000257904,9606.ENSP00000478887
CDK4,PCNA,0.996,9606.ENSP00000257904,9606.ENSP00000368458
CDK4,CDK6,0.999,9606.ENSP00000257904,9606.ENSP00000265734
MDM2,STAT3,0.715,9606.ENSP00000258149,9606.ENSP00000264657
MDM2,MCL1,0.75,9606.ENSP00000258149,9606.ENSP00000358022
MDM2,MYC,0.813,9606.ENSP00000258149,9606.ENSP00000478887
MDM2,CDK1,0.829,9606.ENSP00000258149,9606.ENSP00000378699
MDM2,NOTCH1,0.843,9606.ENSP00000258149,9606.ENSP00000498587
MDM2,CDH1,0.925,9606.ENSP00000258149,9606.ENSP00000261769
MDM2,EZH2,0.945,9606.ENSP00000258149,9606.ENSP00000320147
MDM2,BCL2,0.953,9606.ENSP00000258149,9606.ENSP00000381185
MDM2,AKT1,0.999,9606.ENSP00000258149,9606.ENSP00000451828
CDH1,SOX2,0.73,9606.ENSP00000261769,9606.ENSP00000323588
CDH1,STAT3,0.732,9606.ENSP00000261769,9606.ENSP00000264657
CDH1,BCL2,0.736,9606.ENSP00000261769,9606.ENSP00000381185
CDH1,APC2,0.748,9606.ENSP00000261769,9606.ENSP00000442954
CDH1,CDH11,0.774,9606.ENSP00000261769,9606.ENSP00000268603
CDH1,MYC,0.804,9606.ENSP00000261769,9606.ENSP00000478887
CDH1,CLDN1,0.882,9606.ENSP00000261769,9606.ENSP00000295522
CDH1,FGFR1,0.885,9606.ENSP00000261769,9606.ENSP00000393312
CDH1,AKT1,0.903,9606.ENSP00000261769,9606.ENSP00000451828
CDH1,MET,0.959,9606.ENSP00000261769,9606.ENSP00000317272
CDH1,CDH2,0.995,9606.ENSP00000261769,9606.ENSP00000269141
SYP,NCAM1,0.899,9606.ENSP00000263233,9606.ENSP00000480132
SYP,ENO2,0.91,9606.ENSP00000263233,9606.ENSP00000437402
MCM6,CDK1,0.767,9606.ENSP00000264156,9606.ENSP00000378699
MCM6,RAD51,0.774,9606.ENSP00000264156,9606.ENSP00000493712
MCM6,TOP2A,0.789,9606.ENSP00000264156,9606.ENSP00000411532
MCM6,CDC20,0.839,9606.ENSP00000264156,9606.ENSP00000361540
MCM6,PRIM2,0.9,9606.ENSP00000264156,9606.ENSP00000484105
MCM6,CHEK1,0.901,9606.ENSP00000264156,9606.ENSP00000391090
MCM6,PCNA,0.912,9606.ENSP00000264156,9606.ENSP00000368458
MCM6,MCM2,0.999,9606.ENSP00000264156,9606.ENSP00000265056
STAT3,RAF1,0.762,9606.ENSP00000264657,9606.ENSP00000401888
STAT3,BRAF,0.773,9606.ENSP00000264657,9606.ENSP00000419060
STAT3,BIRC5,0.796,9606.ENSP00000264657,9606.ENSP00000301633
STAT3,ABCA1,0.815,9606.ENSP00000264657,9606.ENSP00000363868
STAT3,CDK6,0.881,9606.ENSP00000264657,9606.ENSP00000265734
STAT3,MCL1,0.883,9606.ENSP00000264657,9606.ENSP00000358022
STAT3,SOX2,0.903,9606.ENSP00000264657,9606.ENSP00000323588
STAT3,BCL2,0.959,9606.ENSP00000264657,9606.ENSP00000381185
STAT3,AKT1,0.966,9606.ENSP00000264657,9606.ENSP00000451828
STAT3,EZH2,0.973,9606.ENSP00000264657,9606.ENSP00000320147
STAT3,MET,0.981,9606.ENSP00000264657,9606.ENSP00000317272
STAT3,MYC,0.985,9606.ENSP00000264657,9606.ENSP00000478887
STAT3,JAK2,0.999,9606.ENSP00000264657,9606.ENSP00000371067
MCM2,CDC20,0.733,9606.ENSP00000265056,9606.ENSP00000361540
MCM2,RAD51,0.734,9606.ENSP00000265056,9606.ENSP00000493712
MCM2,CDK6,0.796,9606.ENSP00000265056,9606.ENSP00000265734
MCM2,CDK1,0.805,9606.ENSP00000265056,9606.ENSP00000378699
MCM2,CHEK1,0.87,9606.ENSP00000265056,9606.ENSP00000391090
MCM2,PCNA,0.939,9606.ENSP00000265056,9606.ENSP00000368458
MCM2,PRIM2,0.951,9606.ENSP00000265056,9606.ENSP00000484105
CDK6,BCL2,0.712,9606.ENSP00000265734,9606.ENSP00000381185
CDK6,CDC20,0.736,9606.ENSP00000265734,9606.ENSP00000361540
CDK6,MYC,0.788,9606.ENSP00000265734,9606.ENSP00000478887
CDK6,PCNA,0.981,9606.ENSP00000265734,9606.ENSP00000368458
ASCL1,SOX2,0.748,9606.ENSP00000266744,9606.ENSP00000323588
CDH11,CDH2,0.958,9606.ENSP00000268603,9606.ENSP00000269141
CDH2,MYC,0.712,9606.ENSP00000269141,9606.ENSP00000478887
CDH2,APC2,0.727,9606.ENSP00000269141,9606.ENSP00000442954
CDH2,MET,0.75,9606.ENSP00000269141,9606.ENSP00000317272
CDH2,AKT1,0.787,9606.ENSP00000269141,9606.ENSP00000451828
CDH2,FGFR1,0.946,9606.ENSP00000269141,9606.ENSP00000393312
CDH2,NCAM1,0.967,9606.ENSP00000269141,9606.ENSP00000480132
ASXL3,EZH2,0.81,9606.ENSP00000269197,9606.ENSP00000320147
ATAD2,NUSAP1,0.724,9606.ENSP00000287394,9606.ENSP00000499238
ATAD2,TPX2,0.755,9606.ENSP00000287394,9606.ENSP00000300403
ATAD2,TOP2A,0.837,9606.ENSP00000287394,9606.ENSP00000411532
CLDN1,PATJ,0.964,9606.ENSP00000295522,9606.ENSP00000494277
TPX2,RAD51,0.714,9606.ENSP00000300403,9606.ENSP00000493712
TPX2,TOP2A,0.942,9606.ENSP00000300403,9606.ENSP00000411532
TPX2,BIRC5,0.952,9606.ENSP00000300403,9606.ENSP00000301633
TPX2,CDK1,0.952,9606.ENSP00000300403,9606.ENSP00000378699
TPX2,BUB1,0.958,9606.ENSP00000300403,9606.ENSP00000302530
TPX2,CDC20,0.961,9606.ENSP00000300403,9606.ENSP00000361540
TPX2,NUSAP1,0.964,9606.ENSP00000300403,9606.ENSP00000499238
GCN1,DOCK4,0.759,9606.ENSP00000300648,9606.ENSP00000410746
BIRC5,CHEK1,0.815,9606.ENSP00000301633,9606.ENSP00000391090
BIRC5,MYC,0.825,9606.ENSP00000301633,9606.ENSP00000478887
BIRC5,RAD51,0.853,9606.ENSP00000301633,9606.ENSP00000493712
BIRC5,NUSAP1,0.953,9606.ENSP00000301633,9606.ENSP00000499238
BIRC5,TOP2A,0.976,9606.ENSP00000301633,9606.ENSP00000411532
BIRC5,BUB1,0.979,9606.ENSP00000301633,9606.ENSP00000302530
BIRC5,CDC20,0.995,9606.ENSP00000301633,9606.ENSP00000361540
BIRC5,CDK1,0.997,9606.ENSP00000301633,9606.ENSP00000378699
MAP2K1,BCL2,0.749,9606.ENSP00000302486,9606.ENSP00000381185
MAP2K1,JAK2,0.757,9606.ENSP00000302486,9606.ENSP00000371067
MAP2K1,CDK1,0.837,9606.ENSP00000302486,9606.ENSP00000378699
MAP2K1,BRAF,0.999,9606.ENSP00000302486,9606.ENSP00000419060
MAP2K1,RAF1,0.999,9606.ENSP00000302486,9606.ENSP00000401888
BUB1,RAD51,0.832,9606.ENSP00000302530,9606.ENSP00000493712
BUB1,NUSAP1,0.937,9606.ENSP00000302530,9606.ENSP00000499238
BUB1,CHEK1,0.946,9606.ENSP00000302530,9606.ENSP00000391090
BUB1,TOP2A,0.982,9606.ENSP00000302530,9606.ENSP00000411532
BUB1,CDK1,0.998,9606.ENSP00000302530,9606.ENSP00000378699
BUB1,CDC20,0.999,9606.ENSP00000302530,9606.ENSP00000361540
DST,PLEC,0.998,9606.ENSP00000307959,9606.ENSP00000323856
KLK3,NKX3-1,0.78,9606.ENSP00000314151,9606.ENSP00000370253
MET,PARP1,0.701,9606.ENSP00000317272,9606.ENSP00000355759
MET,JAK2,0.92,9606.ENSP00000317272,9606.ENSP00000371067
MET,PLXNB1,0.996,9606.ENSP00000317272,9606.ENSP00000351338
EZH2,JAK2,0.768,9606.ENSP00000320147,9606.ENSP00000371067
EZH2,SOX2,0.77,9606.ENSP00000320147,9606.ENSP00000323588
EZH2,AKT1,0.867,9606.ENSP00000320147,9606.ENSP00000451828
EZH2,LCOR,0.9,9606.ENSP00000320147,9606.ENSP00000490116
EZH2,CDK1,0.965,9606.ENSP00000320147,9606.ENSP00000378699
EZH2,MYC,0.984,9606.ENSP00000320147,9606.ENSP00000478887
SOX2,AKT1,0.833,9606.ENSP00000323588,9606.ENSP00000451828
SOX2,MYC,0.958,9606.ENSP00000323588,9606.ENSP00000478887
SOX2,CDK1,0.961,9606.ENSP00000323588,9606.ENSP00000378699
PLEC,LAMB3,0.728,9606.ENSP00000323856,9606.ENSP00000375778
PLEC,SYNE1,0.828,9606.ENSP00000323856,9606.ENSP00000356224
MYOM1,TTN,0.728,9606.ENSP00000348821,9606.ENSP00000467141
SYNE2,SYNE1,0.966,9606.ENSP00000350719,9606.ENSP00000356224
NF1,AKT1,0.803,9606.ENSP00000351015,9606.ENSP00000451828
NF1,RAF1,0.812,9606.ENSP00000351015,9606.ENSP00000401888
NF1,BRAF,0.903,9606.ENSP00000351015,9606.ENSP00000419060
PLXNB1,AKT1,0.766,9606.ENSP00000351338,9606.ENSP00000451828
PLXNB1,SEMA5A,0.79,9606.ENSP00000351338,9606.ENSP00000371936
RYR1,CACNA1E,0.734,9606.ENSP00000352608,9606.ENSP00000356545
RYR1,RYR3,0.954,9606.ENSP00000352608,9606.ENSP00000489262
RYR1,RYR2,0.972,9606.ENSP00000352608,9606.ENSP00000355533
RYR2,TTN,0.774,9606.ENSP00000355533,9606.ENSP00000467141
RYR2,RYR3,0.995,9606.ENSP00000355533,9606.ENSP00000489262
PARP1,MCL1,0.739,9606.ENSP00000355759,9606.ENSP00000358022
PARP1,TOP2A,0.742,9606.ENSP00000355759,9606.ENSP00000411532
PARP1,MYC,0.762,9606.ENSP00000355759,9606.ENSP00000478887
PARP1,MVP,0.77,9606.ENSP00000355759,9606.ENSP00000378760
PARP1,AKT1,0.825,9606.ENSP00000355759,9606.ENSP00000451828
PARP1,CHEK1,0.858,9606.ENSP00000355759,9606.ENSP00000391090
PARP1,RAD51,0.86,9606.ENSP00000355759,9606.ENSP00000493712
PARP1,PCNA,0.872,9606.ENSP00000355759,9606.ENSP00000368458
PARP1,BCL2,0.917,9606.ENSP00000355759,9606.ENSP00000381185
SYNE1,TTN,0.706,9606.ENSP00000356224,9606.ENSP00000467141
FLG,TCHH,0.831,9606.ENSP00000357789,9606.ENSP00000480484
FLG,FLG2,0.832,9606.ENSP00000357789,9606.ENSP00000373370
MCL1,BCL2,0.764,9606.ENSP00000358022,9606.ENSP00000381185
MCL1,CDK1,0.79,9606.ENSP00000358022,9606.ENSP00000378699
MCL1,MYC,0.857,9606.ENSP00000358022,9606.ENSP00000478887
MCL1,AKT1,0.867,9606.ENSP00000358022,9606.ENSP00000451828
CDC20,CHEK1,0.771,9606.ENSP00000361540,9606.ENSP00000391090
CDC20,PCNA,0.798,9606.ENSP00000361540,9606.ENSP00000368458
CDC20,RAD51,0.844,9606.ENSP00000361540,9606.ENSP00000493712
CDC20,NUSAP1,0.946,9606.ENSP00000361540,9606.ENSP00000499238
CDC20,TOP2A,0.98,9606.ENSP00000361540,9606.ENSP00000411532
CDC20,CDK1,0.999,9606.ENSP00000361540,9606.ENSP00000378699
CNTRL,FGFR1,0.839,9606.ENSP00000362962,9606.ENSP00000393312
NOTCH4,NOTCH1,0.846,9606.ENSP00000364163,9606.ENSP00000498587
NOTCH4,AKT1,0.857,9606.ENSP00000364163,9606.ENSP00000451828
PCNA,CHEK1,0.757,9606.ENSP00000368458,9606.ENSP00000391090
PCNA,TOP2A,0.789,9606.ENSP00000368458,9606.ENSP00000411532
PCNA,CDK1,0.93,9606.ENSP00000368458,9606.ENSP00000378699
PCNA,RAD51,0.937,9606.ENSP00000368458,9606.ENSP00000493712
PCNA,PRIM2,0.954,9606.ENSP00000368458,9606.ENSP00000484105
NKX3-1,AKT1,0.94,9606.ENSP00000370253,9606.ENSP00000451828
JAK2,BCL2,0.72,9606.ENSP00000371067,9606.ENSP00000381185
JAK2,AKT1,0.732,9606.ENSP00000371067,9606.ENSP00000451828
JAK2,RAF1,0.803,9606.ENSP00000371067,9606.ENSP00000401888
PTPRZ1,NCAM1,0.895,9606.ENSP00000377047,9606.ENSP00000480132
CDK1,MYC,0.755,9606.ENSP00000378699,9606.ENSP00000478887
CDK1,RAD51,0.837,9606.ENSP00000378699,9606.ENSP00000493712
CDK1,CHEK1,0.911,9606.ENSP00000378699,9606.ENSP00000391090
CDK1,BCL2,0.92,9606.ENSP00000378699,9606.ENSP00000381185
CDK1,NUSAP1,0.946,9606.ENSP00000378699,9606.ENSP00000499238
CDK1,TOP2A,0.997,9606.ENSP00000378699,9606.ENSP00000411532
MUC16,OBSCN,0.754,9606.ENSP00000381008,9606.ENSP00000455507
MUC16,TTN,0.789,9606.ENSP00000381008,9606.ENSP00000467141
MUC16,MUC4,0.969,9606.ENSP00000381008,9606.ENSP00000417498
BCL2,BRAF,0.761,9606.ENSP00000381185,9606.ENSP00000419060
BCL2,RAF1,0.892,9606.ENSP00000381185,9606.ENSP00000401888
BCL2,MYC,0.955,9606.ENSP00000381185,9606.ENSP00000478887
BCL2,AKT1,0.993,9606.ENSP00000381185,9606.ENSP00000451828
CHEK1,MYC,0.76,9606.ENSP00000391090,9606.ENSP00000478887
CHEK1,TOP2A,0.889,9606.ENSP00000391090,9606.ENSP00000411532
CHEK1,RAD51,0.998,9606.ENSP00000391090,9606.ENSP00000493712
FGFR1,NOTCH1,0.737,9606.ENSP00000393312,9606.ENSP00000498587
FGFR1,NCAM1,0.996,9606.ENSP00000393312,9606.ENSP00000480132
RAF1,MYC,0.755,9606.ENSP00000401888,9606.ENSP00000478887
RAF1,AKT1,0.992,9606.ENSP00000401888,9606.ENSP00000451828
RAF1,BRAF,0.999,9606.ENSP00000401888,9606.ENSP00000419060
TOP2A,RAD51,0.799,9606.ENSP00000411532,9606.ENSP00000493712
TOP2A,NUSAP1,0.999,9606.ENSP00000411532,9606.ENSP00000499238
KIAA1549,BRAF,0.954,9606.ENSP00000416040,9606.ENSP00000419060
BRAF,MYC,0.722,9606.ENSP00000419060,9606.ENSP00000478887
BRAF,AKT1,0.783,9606.ENSP00000419060,9606.ENSP00000451828
ENO2,NCAM1,0.794,9606.ENSP00000437402,9606.ENSP00000480132
PPFIA2,PTPRS,0.802,9606.ENSP00000450337,9606.ENSP00000467537
AKT1,NOTCH1,0.887,9606.ENSP00000451828,9606.ENSP00000498587
AKT1,MYC,0.928,9606.ENSP00000451828,9606.ENSP00000478887
OBSCN,TTN,0.998,9606.ENSP00000455507,9606.ENSP00000467141
MYC,NOTCH1,0.899,9606.ENSP00000478887,9606.ENSP00000498587
ZEB1,ZEB2,0.914,9606.ENSP00000354487,9606.ENSP00000487174
ZEB1,VIM,0.916,9606.ENSP00000354487,9606.ENSP00000446007
VIM,ZEB2,0.899,9606.ENSP00000446007,9606.ENSP00000487174
