,count
MYC,26
TP53,25
CCND1,24
AKT1,24
CDK1,22
CCNB1,20
STAT3,20
CTNNB1,18
CDH1,18
BCL2,18
KRAS,17
CDK4,17
CDC20,15
TOP2A,15
PARP1,15
BIRC5,15
SNAI1,15
MDM2,14
RAD51,14
EZH2,13
PCNA,13
CHEK1,13
AURKA,13
CDH2,12
PTEN,11
SOX2,11
MCM6,11
AR,11
BUB1,10
TPX2,10
TWIST1,10
BRAF,10
RAF1,9
CDK6,9
NUSAP1,9
MCM2,9
JAK2,9
SNAI2,9
COL5A1,9
NOTCH1,8
FGFR1,8
FN1,8
KMT2C,8
ANK2,8
MCL1,8
DMD,8
KMT2D,8
MET,8
ARID1A,8
PIK3CA,7
SPTAN1,7
ATM,7
MAP2K1,7
NCAM1,7
ANK3,7
HDAC2,7
CUL3,6
BRCA2,6
COL6A2,6
GRM5,6
DNAH1,6
SHANK2,6
NCOR1,6
SIN3A,5
PLCG1,5
LAMA2,5
MYO15A,5
NID1,5
KMT2A,5
WRN,5
DNAH2,5
ITGB5,5
SPTBN2,5
HSPG2,5
PALB2,5
DNAH8,5
TTN,5
CACNA1F,5
RB1,5
DNAH7,5
DAG1,5
ITGB4,5
CDH23,5
DNAH17,5
DNAH3,5
SCN2A,4
FBN1,4
BRD4,4
SNRNP200,4
LAMC1,4
COL4A2,4
FANCM,4
PIK3CB,4
CACNA2D1,4
FOXA1,4
NF1,4
ERCC5,4
COL1A1,4
LAMA4,4
COL4A1,4
COL15A1,4
KDR,4
CACNA2D2,4
PLCG2,4
KIF20A,4
NEB,4
XIRP2,4
SCN5A,4
COL14A1,4
SETD1B,4
CACNA1H,4
PCDH15,4
SPTA1,4
COL12A1,4
LRRK2,4
MUC2,4
PXDNL,4
CHD4,4
IGF1R,3
CREBBP,3
LTBP1,3
NGEF,3
TRRAP,3
NPHS1,3
ADCY5,3
DDX46,3
AMBRA1,3
CHGA,3
GAD2,3
LAMA1,3
NR3C1,3
ITGA10,3
ACAN,3
PRIM2,3
AFDN,3
CACNA1A,3
GLI1,3
ERBB2,3
ITGAV,3
CHD3,3
CACNG4,3
MYH10,3
WNK1,3
CLTC,3
GRIA1,3
TCERG1,3
IKZF1,3
COL1A2,3
PIWIL1,3
DDB1,3
ITGA3,3
FLNC,3
ITGA4,3
GRIN2A,3
THBS1,3
GRIK2,3
USP7,3
LIG4,3
ADGRV1,3
RYR1,3
MYH13,3
LRP2,3
RYR2,3
NRXN2,3
SYNE1,3
CACNA1C,3
NID2,3
ITGAM,3
PTK2B,3
ATR,3
MYH6,3
ARID1B,3
MED13,3
TJP1,3
MUC16,3
SCN1A,3
MYH14,3
PRPF40A,3
ENO2,3
TRIOBP,3
THBS2,3
PLXNB1,3
PRKDC,3
PLEC,3
MUC6,3
CDK12,3
COL5A2,3
MUC17,3
SPOP,3
DYSF,3
DLGAP3,3
CTNNA2,3
MUC5B,3
SYP,3
NCOR2,3
MYH1,3
CACNA2D3,3
COL4A3,3
ATAD2,3
VCP,2
ACTN2,2
SMARCA2,2
OGDHL,2
FGFR3,2
MPP5,2
IL11,2
PAX6,2
PCDHA3,2
PRPF8,2
CFTR,2
COL9A3,2
IDH2,2
ZEB2,2
KIFC3,2
CDH18,2
NKX3-1,2
OBSCN,2
ZEB1,2
VIM,2
JAK1,2
LRRC4B,2
BCL11A,2
GRIN2B,2
RIMS2,2
FLNB,2
MKI67,2
EP400,2
MGAM,2
CACNA1S,2
TLN2,2
ADGRB1,2
NRXN3,2
NOTCH4,2
PPIG,2
FLG,2
COL18A1,2
SMURF2,2
MYH3,2
NOS3,2
CHEK2,2
PCARE,2
GLI3,2
XDH,2
TLN1,2
KLK3,2
ULK1,2
PIK3CG,2
ELN,2
EIF4G1,2
SQSTM1,2
CDH11,2
CLDN1,2
SETD1A,2
PRMT1,2
SRCAP,2
APC2,2
SCRIB,2
PDE6B,2
HCN4,2
E2F8,2
LOXHD1,2
MYH7,2
PTPRC,2
KIF18B,2
MYH2,2
PIKFYVE,2
SART3,2
GRIP1,2
SPEN,2
PIK3R1,2
PIK3R2,2
CACNA1B,2
NPHS2,2
CDH9,2
SPEF2,2
SI,2
AFF1,2
ITGAX,2
CARD11,2
MED12,2
CENPF,2
POLR2A,2
MTOR,2
CNTNAP2,2
DCC,2
CDKN1B,2
MSH2,2
SETDB1,2
MSH6,2
HKDC1,2
KIRREL2,2
KCNMA1,2
SPTBN4,2
PIK3CD,2
GRM1,2
PML,2
PLEKHA7,2
MED23,2
COL27A1,2
FBLN2,2
DGKB,2
NRXN1,2
COL9A1,2
LAMA3,2
COL9A2,2
PTPRD,2
CDH12,2
TNRC6A,2
NOS1,2
RYR3,2
FOXA2,2
APC,2
LAMA5,2
LRP1,2
APOB,2
TG,2
PLCE1,2
KDM4B,2
CDK5RAP2,2
COL6A1,2
DNMT3B,2
OGDH,2
ATXN2,2
LAMB1,2
NLRP7,2
COL6A3,2
TNC,2
SHANK1,2
ADCY8,2
PLXND1,2
LTBP3,2
PDGFD,2
DCHS1,2
UBR5,1
COL17A1,1
NLRP2,1
TRPC4,1
BRCA1,1
SULF1,1
EPHA6,1
ABL2,1
ASXL2,1
SLITRK3,1
ZIC4,1
EPHA3,1
SF3B1,1
EPHA1,1
MUC5AC,1
CHERP,1
KDM3B,1
BMPR1B,1
EMILIN1,1
LAMB3,1
FCRL5,1
SEMA5A,1
MAML3,1
CACNA1E,1
PKD1,1
GYS1,1
MVP,1
SPTB,1
MED12L,1
TCHH,1
FLG2,1
MUC4,1
PTPRS,1
MYH7B,1
CARD10,1
KDM6A,1
PLIN4,1
NUP210L,1
LCOR,1
DET1,1
RGSL1,1
ZNF143,1
ITPR2,1
SPHK2,1
ZNRF3,1
ARNTL,1
LPIN3,1
ATG9A,1
DOCK4,1
WWC1,1
UNC80,1
CROCC,1
NPR1,1
ABCA1,1
CARD14,1
PATJ,1
PARP14,1
ROBO1,1
FGA,1
STAT5B,1
FOXM1,1
ARFGEF2,1
FLT1,1
TRPV3,1
CLDN5,1
TDRD6,1
PNPLA6,1
MAEL,1
RUNX1T1,1
ASAP1,1
SUPT5H,1
ARHGEF12,1
PKD2L1,1
PRPF40B,1
PCDHA6,1
ZMYND8,1
TMPRSS2,1
RPGR,1
SLC26A9,1
CREB5,1
SEC31A,1
WDTC1,1
ANKFY1,1
PPP1R26,1
TNRC6B,1
KDM6B,1
CATSPERG,1
PLCB4,1
STIL,1
AKAP9,1
PPP4R3B,1
KIF1A,1
FZD2,1
OSBPL5,1
KRT74,1
TNXB,1
FTCD,1
CNTN2,1
LZTR1,1
PTPRB,1
CUL7,1
ZBTB16,1
TRIM32,1
TPRX1,1
SNTG1,1
TMC1,1
TRPM3,1
AGAP2,1
RBM20,1
ACTN1,1
CYFIP1,1
XPO1,1
PTCH2,1
UBA6,1
DOT1L,1
ZC3H18,1
BRD3,1
BRF1,1
B4GALNT4,1
GABRB1,1
NOS2,1
MEGF10,1
SCN9A,1
DGKH,1
STAG1,1
DPP6,1
CFAP54,1
HSPA12A,1
PRR12,1
HIPK2,1
KCND2,1
DHX37,1
CRB1,1
CSF3R,1
MTSS1,1
RASA1,1
IGF2BP1,1
GRIA2,1
DDR2,1
CFAP43,1
CHID1,1
THBS4,1
ADGRL1,1
FBF1,1
SLC12A4,1
CASR,1
SLC12A5,1
TMEM129,1
COL11A2,1
BOD1L1,1
ZNF469,1
TRPV2,1
TTC21B,1
HDAC5,1
TNS1,1
MED24,1
CHRM2,1
FLNA,1
EIF3A,1
SCAF1,1
MAGI2,1
DNER,1
SPAG17,1
ASXL1,1
UNC5B,1
PTCH1,1
SLIT3,1
USP48,1
SRRM2,1
FLAD1,1
SCN3A,1
ADAMTS2,1
HELZ2,1
PMS1,1
DOCK7,1
KCNH2,1
KAT6A,1
GRIK5,1
LMX1A,1
MADD,1
WNT10B,1
KRT71,1
CAD,1
CNTNAP1,1
ARFGEF1,1
FLT4,1
TRPM4,1
CDK13,1
TRPM5,1
INTS1,1
KDM5A,1
DNM1,1
PIK3C2B,1
AGT,1
MYLK,1
KCNQ5,1
HIP1,1
DLGAP1,1
ANO5,1
BICRA,1
UBR2,1
KIAA1217,1
CHD6,1
PCDH10,1
TRPA1,1
UTP20,1
SEMA6A,1
FCGBP,1
FAT1,1
TNIK,1
DNAH14,1
FAT4,1
AHNAK,1
MYPN,1
LGR6,1
SMC4,1
BCL9L,1
COL22A1,1
BSN,1
PREX2,1
FREM2,1
TENM4,1
VCAN,1
CHD5,1
VWF,1
DLC1,1
RANBP2,1
PPL,1
ANKRD17,1
PTPN14,1
PTPRF,1
PCNT,1
TSPOAP1,1
ADCY2,1
NPR2,1
MTA1,1
PRX,1
NOD2,1
COL5A3,1
UNC13C,1
NUP210,1
LIPE,1
BCL9,1
KAT2A,1
TSC2,1
PYGB,1
STAB2,1
KDM2B,1
IRS2,1
EPRS1,1
CACNA1G,1
CD74,1
ANKHD1,1
USP28,1
SYNE2,1
MYOM1,1
DST,1
GCN1,1
ASXL3,1
ASCL1,1
FOLH1,1
CUL9,1
NALCN,1
PARP2,1
ATG2A,1
ATXN2L,1
LPIN1,1
RORB,1
S1PR3,1
POU2F1,1
RGS7,1
NEO1,1
SF3B2,1
LTBP2,1
SLCO5A1,1
MGA,1
CNTRL,1
PTPRZ1,1
KIAA1549,1
PPFIA2,1
DSP,1
SCN11A,1
SCN10A,1
HCN1,1
MDN1,1
PLXNA1,1
ZFHX4,1
CHD1,1
ASPM,1
CACNA1I,1
GRM3,1
GRM4,1
COL7A1,1
DYNC1H1,1
PCLO,1
COL11A1,1
FRAS1,1
SMG1,1
GNAS,1
HERC1,1
SVEP1,1
MUC12,1
MATR3,1
RB1CC1,1
PLA2G4A,1
PHLPP1,1
KIF13A,1
HSPA12B,1
HGF,1
CRX,1
IL2RB,1
PCDHA11,1
KCNQ3,1
KCNA1,1
SIN3B,1
NAV1,1
DPP10,1
NELFB,1
ARID2,1
PEG3,1
NLRP4,1
PLK1,1
SCNN1G,1
SEMA3C,1
ACIN1,1
OSBPL8,1
PLCB2,1
PIK3C2A,1
GRID2,1
WDR66,1
WDR90,1
ABL1,1
TRPC6,1
NLRP3,1
FAM20C,1
SNTG2,1
PDS5A,1
MBOAT2,1
MERTK,1
MED13L,1
PRDM14,1
GABRB2,1
B4GALNT3,1
HDAC4,1
GTF3C3,1
AXIN1,1
COIL,1
CYFIP2,1
CIT,1
WHRN,1
ADGRA3,1
WNK2,1
PLOD3,1
