idx,pact,active,novelty,vina,aff_pred_value,aff_prob_binary
0,5.5735,0,analog,-10.08,-1.4488186836242676,0.8734397292137146
1,5.6383,0,analog,-9.839,-0.5694903135299683,0.8773892521858215
2,5.2218,0,analog,-9.383,-0.525048553943634,0.8705519437789917
3,5.3279,0,novel,-8.138,1.4587149620056152,0.23219402134418488
4,5.3363,0,analog,-10.05,-0.8132932782173157,0.7680139541625977
5,5.5686,0,analog,-9.597,-0.8199590444564819,0.9229681491851807
6,6.9586,1,analog,-9.265,0.9514540433883667,0.9557766914367676
7,6.7959,1,analog,-9.773,-1.1585614681243896,0.9052526950836182
8,7.4949,1,analog,-9.939,-0.5180020332336426,0.8904386162757874
9,7.2218,1,analog,-10.0,-0.7683123350143433,0.8505139350891113
10,5.301,0,analog,-10.01,-0.36678576469421387,0.6480073928833008
11,6.0915,0,analog,-10.03,-1.0105113983154297,0.8588180541992188
12,4.8861,0,novel,,-0.2598313093185425,0.7516915798187256
13,7.9208,1,analog,-9.163,-0.7116430997848511,0.984565258026123
14,4.8239,0,analog,-8.667,0.016792602837085724,0.7478955388069153
15,5.3979,0,analog,-8.611,-0.09791366010904312,0.9057483673095703
16,7.9586,1,analog,-9.337,0.3662793040275574,0.8287385106086731
17,7.9586,1,analog,-9.195,0.16631197929382324,0.7413087487220764
18,6.1612,0,analog,-9.788,1.6596043109893799,0.17977966368198395
19,7.0706,1,analog,,0.7338907718658447,0.2921736240386963
20,6.6778,1,analog,,0.6007920503616333,0.4027157425880432
21,8.7447,1,analog,,0.47985631227493286,0.2715812921524048
22,7.4685,1,analog,-9.616,-1.136401653289795,0.7029953002929688
23,7.4685,1,analog,-9.517,-0.8012245297431946,0.7276700139045715
24,8.585,1,analog,,0.1379941999912262,0.4431736469268799
25,7.0269,1,analog,-9.607,-0.6709607839584351,0.6836186647415161
26,6.1409,0,analog,-9.006,-0.18362559378147125,0.7438446283340454
27,6.6383,1,analog,,1.049710750579834,0.3764553666114807
28,4.8928,0,analog,-9.254,1.0401769876480103,0.8393251895904541
29,4.5638,0,analog,-8.543,0.1557050198316574,0.922269880771637
30,6.4202,0,analog,-9.35,0.01343892514705658,0.2571144700050354
31,6.5229,1,analog,-9.892,-1.2400007247924805,0.9275344610214233
32,6.0555,0,analog,-9.911,0.7766711711883545,0.38680654764175415
33,8.9586,1,analog,-8.957,-0.4592004716396332,0.9540820121765137
34,7.301,1,analog,-9.86,-0.9134165644645691,0.9347330331802368
35,9.301,1,analog,-9.104,-1.0223489999771118,0.9714993834495544
36,7.6198,1,analog,-8.714,-1.6164169311523438,0.9873450994491577
37,7.0458,1,analog,-8.845,0.5754053592681885,0.9032548666000366
38,8.0809,1,analog,-9.098,-0.42998701333999634,0.9593088626861572
39,6.2147,0,analog,-8.789,0.2418069690465927,0.4118856191635132
40,5.5229,0,analog,-9.91,-0.9583584666252136,0.8875865340232849
41,9.0177,1,analog,-9.282,-0.5196268558502197,0.9710733890533447
42,8.5229,1,analog,-9.196,-1.876747727394104,0.9784261584281921
43,8.0088,1,analog,-8.384,0.5269091129302979,0.9124315977096558
44,9.301,1,analog,-9.591,-2.0055954456329346,0.9913991689682007
45,4.9208,0,analog,-8.893,0.5757453441619873,0.8106626272201538
46,8.4202,1,analog,,,
47,4.7082,0,analog,-10.48,0.6522001624107361,0.7956381440162659
48,5.4643,0,novel,-8.373,-0.10816287994384766,0.4448016285896301
49,4.3251,0,analog,-8.137,0.08315815031528473,0.7822948694229126
50,5.4841,0,analog,-9.762,-0.5383384227752686,0.8108709454536438
51,4.4217,0,novel,-8.115,1.445685625076294,0.32745328545570374
52,5.5528,0,novel,-9.343,-0.049470990896224976,0.4489879310131073
53,4.3872,0,analog,-8.3,0.5628254413604736,0.8828625679016113
54,8.0,1,analog,,-0.28944915533065796,0.6236839890480042
55,6.2366,0,analog,,0.2928163409233093,0.5147988200187683
56,8.3635,1,analog,-8.214,1.872173547744751,0.8844514489173889
57,6.5376,1,analog,-8.539,-1.0091125965118408,0.8739866018295288
58,9.5229,1,analog,-9.285,-0.2671048641204834,0.9106872081756592
59,9.3768,1,analog,,-0.4369979500770569,0.7006060481071472
60,8.2933,1,analog,-9.048,-0.23744648694992065,0.8040984869003296
61,8.1612,1,analog,,-0.23324212431907654,0.721165120601654
62,4.0969,0,analog,-9.253,0.7602894306182861,0.832361102104187
63,4.4685,0,analog,-8.748,0.9587529301643372,0.8316048979759216
64,6.699,1,analog,-9.463,1.4608291387557983,0.6596836447715759
65,7.1549,1,analog,-8.423,1.1500868797302246,0.4714227020740509
66,8.8861,1,analog,,-0.4511159360408783,0.7140190005302429
67,4.4318,0,analog,-8.172,0.01089765876531601,0.8817140460014343
68,4.1549,0,novel,-8.432,-0.307866632938385,0.8949784636497498
69,5.1549,0,analog,-8.477,-0.6808028221130371,0.9140214920043945
70,4.4949,0,analog,-8.852,0.3518460690975189,0.8203006982803345
71,9.3372,1,analog,,-0.6818101406097412,0.6721059083938599
72,5.8539,0,analog,-8.487,-1.0875177383422852,0.8985617756843567
73,4.3188,0,analog,-8.636,0.8578957319259644,0.8759660124778748
74,4.8539,0,novel,-8.312,-1.0405009984970093,0.7344029545783997
75,6.1487,0,analog,-10.21,-0.3255183696746826,0.8798036575317383
76,8.699,1,analog,-7.983,-1.0535537004470825,0.9856204986572266
77,5.2076,0,novel,-9.484,-0.5628837943077087,0.6779443025588989
78,4.7447,0,novel,-8.275,-0.5197108387947083,0.684777557849884
79,7.7447,1,analog,-9.455,-0.44261524081230164,0.9297610521316528
80,8.585,1,analog,-8.311,-0.5328466892242432,0.9824411273002625
81,7.9586,1,analog,-10.1,-1.0104737281799316,0.9354884624481201
82,6.8239,1,analog,-9.078,0.36119765043258667,0.8265326023101807
83,8.4437,1,analog,-8.668,-0.2048037201166153,0.9615037441253662
84,10.1487,1,analog,-9.254,-1.4426512718200684,0.9748975038528442
85,9.1308,1,analog,-9.005,-1.5419944524765015,0.9658847451210022
86,8.0706,1,analog,-8.177,-0.4773900508880615,0.8035107851028442
87,6.5528,1,analog,-8.567,-0.005911052227020264,0.9373734593391418
88,7.1805,1,analog,-8.843,0.1381697952747345,0.770523190498352
89,7.585,1,analog,-9.461,0.041647493839263916,0.5587313175201416
90,9.4437,1,analog,,-0.6529830694198608,0.931547999382019
91,7.3665,1,analog,-9.517,0.47298216819763184,0.1826280802488327
92,4.9234,0,analog,-8.717,0.45144641399383545,0.22044147551059723
93,4.6383,0,novel,-8.3,0.19631758332252502,0.9063106775283813
94,7.699,1,analog,,0.10655379295349121,0.7974229454994202
95,10.0,1,analog,-8.944,-1.4212610721588135,0.9837263822555542
96,6.8016,1,analog,-9.343,-0.20825731754302979,0.9051377177238464
97,7.6021,1,analog,,-0.9327081441879272,0.813971996307373
98,4.7696,0,analog,-8.941,1.5736730098724365,0.8061321973800659
99,7.6968,1,analog,-8.119,0.5045937299728394,0.8508707880973816
100,10.0,1,analog,-9.578,-1.3502306938171387,0.9725416898727417
101,8.4544,1,analog,,-0.43477863073349,0.6961562633514404
102,4.1549,0,novel,-9.063,0.7983555793762207,0.8458032011985779
103,9.0,1,analog,-9.694,-0.9054834842681885,0.9073292016983032
104,8.284,1,analog,-8.584,0.25408387184143066,0.8860870599746704
105,7.8794,1,analog,-8.103,0.9206264019012451,0.8750849962234497
106,6.3355,0,analog,-9.455,-0.33050471544265747,0.9371249079704285
107,5.0,0,novel,-8.809,0.15226441621780396,0.9225233197212219
108,5.9208,0,analog,-8.77,1.2566993236541748,0.7968807816505432
109,8.9586,1,analog,-9.397,-0.44729024171829224,0.9590614438056946
110,10.8386,1,analog,,-0.29256534576416016,0.6556297540664673
111,6.706,1,analog,-9.691,0.5141744613647461,0.9303895235061646
112,5.1367,0,analog,-9.884,0.2695502042770386,0.9237977266311646
113,5.3468,0,analog,-9.923,-0.2894391417503357,0.8873860239982605
114,5.4202,0,analog,-9.311,-1.1490459442138672,0.8956773281097412
115,7.041,1,analog,-8.505,-0.47993385791778564,0.8426617383956909
116,9.3979,1,analog,-9.516,-1.6723835468292236,0.9780563116073608
117,5.3372,0,analog,-9.824,-0.3499673306941986,0.8838906288146973
118,8.5229,1,analog,-9.387,-1.8865094184875488,0.9894496202468872
119,5.3979,0,analog,-9.644,-0.9532136917114258,0.8393968343734741
120,10.301,1,analog,-8.865,-2.6440305709838867,0.9902075529098511
121,6.2518,0,analog,-9.429,-1.2016716003417969,0.9369556903839111
122,5.7212,0,analog,-9.469,-1.6088378429412842,0.9110531806945801
123,5.0,0,analog,-8.296,-0.010113107040524483,0.9084306359291077
124,9.2007,1,analog,-10.55,-2.3612008094787598,0.9912883043289185
125,9.2924,1,analog,-9.473,-1.668583869934082,0.9857773780822754
126,6.1938,0,analog,-9.376,0.3184261620044708,0.49339422583580017
127,8.0458,1,analog,-8.458,0.31854379177093506,0.9164447784423828
128,8.6778,1,analog,-9.573,-1.435280203819275,0.9768044948577881
129,8.9208,1,analog,-9.093,0.01826748251914978,0.963496208190918
130,6.0555,0,analog,-8.287,0.6915362477302551,0.7894027233123779
131,7.0269,1,analog,-8.051,-0.038447678089141846,0.7871370315551758
132,8.4437,1,analog,-9.779,-1.3984484672546387,0.946703314781189
133,7.4202,1,analog,-8.066,0.4508393406867981,0.6686537861824036
134,7.1675,1,analog,-8.081,0.9075360298156738,0.7260369062423706
135,7.5086,1,analog,-7.96,0.5299690961837769,0.7489068508148193
136,7.7696,1,analog,-8.62,0.9547924995422363,0.7990206480026245
137,8.5229,1,analog,-9.793,-1.0985509157180786,0.9563173651695251
138,7.041,1,analog,-10.17,0.8889302015304565,0.8951223492622375
139,7.7447,1,analog,-9.403,-0.21865807473659515,0.694598913192749
140,7.3098,1,analog,-8.431,-0.2223842591047287,0.8455045223236084
141,7.5686,1,analog,-8.549,0.498250812292099,0.612149178981781
142,7.3468,1,analog,-7.939,0.0030631422996520996,0.7852698564529419
143,7.6021,1,analog,-9.06,-0.19998112320899963,0.7513195276260376
144,9.4815,1,analog,-9.457,0.012291718274354935,0.9412358999252319
145,7.3188,1,analog,-8.506,0.20099711418151855,0.69493168592453
146,8.6383,1,analog,-9.369,0.0934840738773346,0.9654209613800049
147,7.3279,1,analog,-8.759,0.13476839661598206,0.7654305100440979
148,5.4202,0,analog,-8.538,1.1998844146728516,0.8928318023681641
149,5.0458,0,analog,-7.657,0.7332768440246582,0.6238729357719421
150,6.9914,1,analog,-9.983,1.229242205619812,0.9118017554283142
151,5.7696,0,analog,-9.505,-0.8186492919921875,0.8808869123458862
152,7.6576,1,analog,-8.713,1.049621820449829,0.9348939657211304
153,5.1938,0,analog,-8.551,0.23476654291152954,0.7594212293624878
154,5.5686,0,analog,-9.803,-0.05371938645839691,0.7865424156188965
155,5.3979,0,analog,-8.855,-0.28310829401016235,0.8203405141830444
156,4.8069,0,analog,-9.811,1.2234123945236206,0.49936118721961975
157,6.6021,1,analog,-9.834,-0.7892084121704102,0.8509814739227295
158,5.9208,0,analog,-9.077,-0.08703557401895523,0.5927548408508301
159,4.5686,0,analog,-9.169,0.1882544457912445,0.5832339525222778
160,4.6576,0,analog,-9.449,-0.12785041332244873,0.5021113157272339
161,5.8097,0,analog,-8.862,-0.46736013889312744,0.802467405796051
162,6.3979,0,analog,-9.5,-0.04773193597793579,0.9198861718177795
163,5.4868,0,analog,-9.012,-0.4273289144039154,0.7531011700630188
164,5.5376,0,analog,-9.248,0.07485327124595642,0.8036409616470337
165,5.3279,0,analog,-9.604,0.3426799178123474,0.7141807079315186
166,5.7001,0,analog,-8.095,0.9893644452095032,0.5331659913063049
167,5.1701,0,novel,-8.472,0.49461954832077026,0.5299144983291626
168,6.9914,1,analog,-8.781,0.5072728395462036,0.7709295749664307
169,4.7986,0,novel,-8.994,0.5386505126953125,0.5971430540084839
170,7.301,1,analog,-8.442,0.505732536315918,0.6848310232162476
171,6.8633,1,analog,-8.944,0.32346200942993164,0.8159855604171753
172,6.1871,0,novel,-9.254,0.48053058981895447,0.7802070379257202
173,8.1739,1,analog,-9.319,0.5147541761398315,0.8163935542106628
174,5.6778,0,analog,-8.884,0.007245004177093506,0.8145557641983032
175,6.0241,0,analog,-8.79,-0.28864744305610657,0.5726523399353027
176,7.6576,1,analog,-8.629,-1.0978552103042603,0.9484394788742065
177,5.8,0,analog,-8.571,1.7457995414733887,0.2599409520626068
178,4.5129,0,analog,-9.056,0.1821344941854477,0.17816965281963348
179,4.9245,0,novel,-10.23,-0.6120848655700684,0.909031093120575
180,6.0991,0,analog,-8.015,-1.036020278930664,0.7166696786880493
181,5.585,0,analog,-8.882,0.31606534123420715,0.9718706607818604
182,6.4389,0,analog,-8.969,0.11936942487955093,0.7344661951065063
183,6.7235,1,analog,-6.623,1.602536916732788,0.15775099396705627
184,5.8477,0,analog,-10.39,-0.37278419733047485,0.8557002544403076
185,6.2076,0,analog,-9.93,-0.8656675815582275,0.8830653429031372
186,5.7447,0,analog,-9.983,0.8375860452651978,0.94041907787323
187,6.4815,0,analog,-6.587,2.111990451812744,0.16926179826259613
188,5.6091,0,analog,-10.86,0.03214441239833832,0.7693642973899841
189,6.4584,0,analog,-6.91,1.8503239154815674,0.1421230584383011
190,6.7878,1,analog,-9.653,1.0323597192764282,0.8338648080825806
191,8.2757,1,analog,-10.77,-2.0228419303894043,0.9308605194091797
192,6.6198,1,analog,-6.944,2.5642900466918945,0.16119982302188873
193,7.0132,1,analog,-7.038,1.7566795349121094,0.25565582513809204
194,5.3439,0,novel,-9.999,0.2721477150917053,0.6315699815750122
195,6.8125,1,analog,-7.184,1.3959543704986572,0.17344340682029724
196,7.041,1,analog,-6.554,1.6028578281402588,0.3297206461429596
197,6.699,1,analog,-10.56,-0.6309489011764526,0.8443171977996826
198,7.6778,1,analog,-9.186,1.0937426090240479,0.20884177088737488
199,6.752,1,analog,-6.469,1.2306303977966309,0.27022692561149597
200,6.9208,1,analog,-9.83,1.1403942108154297,0.9121353626251221
201,6.4498,0,analog,-6.543,1.4722180366516113,0.19562721252441406
202,6.5686,1,analog,-6.707,1.8796017169952393,0.2631953954696655
203,6.6925,1,analog,-6.908,1.1743314266204834,0.35111579298973083
204,6.6478,1,analog,-6.521,1.6695642471313477,0.19211286306381226
205,6.5376,1,analog,-6.733,2.2123329639434814,0.1599060297012329
206,6.7447,1,analog,-6.884,2.467428207397461,0.25617364048957825
207,6.284,0,novel,-7.527,1.211389183998108,0.19946540892124176
208,6.3251,0,analog,-9.616,1.1712844371795654,0.937370777130127
209,6.71,1,analog,-7.174,2.0474960803985596,0.20455485582351685
210,5.9788,0,analog,-10.08,-0.7214224338531494,0.8794434070587158
211,6.9747,1,analog,-6.483,1.77382230758667,0.3048097491264343
212,6.4737,0,novel,-6.808,2.454624652862549,0.11613373458385468
213,5.1612,0,analog,-9.554,1.799362301826477,0.9430830478668213
214,6.9208,1,analog,-7.232,2.1057920455932617,0.45283395051956177
215,6.6478,1,analog,-6.677,2.066422939300537,0.19409584999084473
216,6.5751,1,analog,-6.348,1.900286316871643,0.2266310155391693
217,6.5229,1,novel,-5.001,2.596977710723877,0.39736485481262207
218,4.4962,0,novel,-8.984,-1.486703872680664,0.8197174072265625
219,9.0458,1,analog,-8.247,-0.8957188725471497,0.8458425402641296
220,8.7447,1,analog,-9.134,-0.9739234447479248,0.9528074264526367
221,10.8239,1,analog,-9.908,-1.7189738750457764,0.9933161735534668
222,4.5376,0,novel,-9.552,-1.1799845695495605,0.703180193901062
223,9.3979,1,analog,-10.07,1.1527047157287598,0.5782880783081055
224,6.5376,1,analog,-9.968,-1.176485538482666,0.8945974111557007
225,9.1249,1,analog,-9.1,-0.45455169677734375,0.9527904987335205
226,9.301,1,analog,-8.757,-0.674364447593689,0.8155934810638428
227,8.8539,1,analog,-9.994,-0.9516899585723877,0.9661595821380615
228,10.699,1,analog,-8.94,-1.3881635665893555,0.9811873435974121
229,9.7696,1,analog,-9.529,-0.8242045044898987,0.960136890411377
230,9.699,1,analog,-9.358,-0.13065195083618164,0.9353004693984985
231,9.9208,1,analog,-8.981,-0.8392984867095947,0.9561271667480469
232,9.3979,1,analog,-8.395,-1.1237248182296753,0.7819735407829285
233,7.0269,1,analog,-9.882,0.12358832359313965,0.8175486326217651
234,8.0,1,analog,-9.251,0.25894904136657715,0.9036810994148254
235,4.4437,0,novel,-9.75,-1.0481829643249512,0.7297982573509216
236,8.3372,1,analog,-8.686,-0.7182409763336182,0.9859192371368408
237,7.0,1,analog,-9.193,-0.8297327756881714,0.9753828048706055
238,9.1487,1,analog,-9.469,-0.8468703627586365,0.9720900058746338
239,6.7799,1,analog,-10.65,0.6223776340484619,0.9656911492347717
240,6.4271,0,analog,-8.314,0.405752032995224,0.3508428633213043
241,5.5376,0,novel,-9.145,-0.7619251012802124,0.47417694330215454
242,8.0878,1,analog,-9.966,-0.882187008857727,0.9929293394088745
243,5.1062,0,analog,-8.86,-0.1344677209854126,0.7699316740036011
244,6.7399,1,analog,-8.492,-0.4557028114795685,0.8373845815658569
245,7.2518,1,analog,-9.534,-0.517815351486206,0.757662296295166
246,9.0969,1,analog,-8.67,-0.652055561542511,0.9521247744560242
247,7.8239,1,analog,,-0.15522673726081848,0.7933581471443176
248,7.3665,1,analog,,-0.36956173181533813,0.7817577123641968
249,7.8539,1,analog,-8.749,0.4505530595779419,0.898655891418457
250,7.4089,1,analog,-9.834,0.007958680391311646,0.8248182535171509
251,6.7825,1,analog,-8.957,-0.4875355362892151,0.9656338691711426
252,8.4949,1,analog,,-1.4775937795639038,0.8902667164802551
253,5.9208,0,analog,-8.91,0.979581356048584,0.8976908922195435
254,6.6819,1,analog,-9.168,0.4789420962333679,0.885668158531189
255,7.7352,1,analog,-8.672,1.8882923126220703,0.2855169475078583
256,6.3516,0,analog,-11.19,-0.3090215027332306,0.9017524719238281
257,7.1612,1,analog,-8.171,-0.10824594646692276,0.871742844581604
258,7.4437,1,analog,-9.992,-0.12024950981140137,0.9328944087028503
259,9.5229,1,analog,-9.292,1.3171677589416504,0.8493810296058655
260,7.5528,1,analog,-9.957,-0.018464654684066772,0.8746770620346069
261,7.3979,1,analog,-9.157,-0.5029653310775757,0.9518818855285645
262,5.8239,0,analog,-9.497,0.3558292090892792,0.6825113296508789
263,6.4855,0,analog,-9.858,-0.20877379179000854,0.8517255783081055
264,6.0132,0,analog,-9.533,-0.25347286462783813,0.7551298141479492
265,5.6904,0,analog,-9.8,0.588873028755188,0.6880381107330322
266,5.8861,0,analog,-9.201,3.2648444175720215e-05,0.803888201713562
267,5.2676,0,analog,-8.907,0.9428073763847351,0.8689873218536377
268,7.1871,1,analog,-8.784,-0.8572807908058167,0.9758099913597107
269,6.3372,0,analog,-7.894,1.3754372596740723,0.4777088165283203
270,5.6576,0,analog,-8.89,-0.33866408467292786,0.8378492593765259
271,5.4685,0,analog,-8.605,0.22829487919807434,0.8129591941833496
272,6.4815,0,analog,-8.998,-1.0601856708526611,0.8459221124649048
273,5.7077,0,analog,-9.075,0.6741647720336914,0.5818312764167786
274,5.3979,0,analog,-9.111,0.49709513783454895,0.5760179758071899
275,5.4202,0,novel,-10.74,-0.4180576801300049,0.865952730178833
276,5.5229,0,analog,-10.2,0.07635565102100372,0.6902891397476196
277,6.9208,1,analog,-8.807,-0.5755234956741333,0.8751500844955444
278,6.1675,0,analog,-9.947,-0.7387003302574158,0.8863131403923035
279,5.1612,0,analog,-8.503,-0.416086882352829,0.9025019407272339
280,6.9208,1,analog,-9.396,-1.2663719654083252,0.8453067541122437
281,6.0223,0,analog,-9.135,0.12890242040157318,0.9088265895843506
282,6.8861,1,analog,-8.297,1.2768648862838745,0.404949426651001
283,7.2147,1,analog,-9.124,0.7537627816200256,0.20497894287109375
284,7.6021,1,analog,-9.413,-1.487776756286621,0.8691951632499695
285,6.1129,0,analog,-9.785,-0.36400777101516724,0.7009233236312866
286,6.6968,1,analog,-9.695,-0.13789048790931702,0.855469822883606
287,5.1871,0,analog,-9.728,0.4862184524536133,0.7447059750556946
288,4.1079,0,analog,-9.208,-0.2949342131614685,0.6245403289794922
289,6.58,1,analog,-9.0,-0.8267439603805542,0.8555963039398193
290,4.585,0,analog,-9.477,0.40525734424591064,0.5851595401763916
291,8.1612,1,analog,-10.04,-0.36321598291397095,0.8883272409439087
292,8.2007,1,analog,-9.52,-0.3232537508010864,0.9026528596878052
293,9.3468,1,analog,-9.402,-0.73003089427948,0.9067882299423218
294,9.4815,1,analog,-10.08,-1.2354116439819336,0.9419813752174377
295,8.0458,1,analog,-9.127,-0.6202942728996277,0.8910477757453918
296,5.3768,0,analog,-9.497,0.255721777677536,0.4095843434333801
297,9.2676,1,analog,-7.47,0.4018010199069977,0.9018267393112183
298,7.7959,1,analog,-9.401,0.11245793849229813,0.8201017379760742
299,4.9586,0,analog,-9.025,-0.29331174492836,0.6405627727508545
300,8.699,1,analog,-10.54,1.0342278480529785,0.7975908517837524
301,8.3768,1,analog,-9.894,-0.1302284300327301,0.8824509382247925
302,10.0177,1,analog,-10.06,-1.0767204761505127,0.9018507599830627
303,5.3098,0,analog,-9.116,-0.1851648986339569,0.4077809751033783
304,9.8539,1,analog,-9.515,-0.1412140280008316,0.8499453663825989
305,10.0706,1,analog,-10.05,-2.212185859680176,0.9782581329345703
306,4.4547,0,analog,-8.037,-0.2726644277572632,0.8151755332946777
307,5.4685,0,novel,-10.29,0.5724560022354126,0.5403972268104553
308,9.1805,1,analog,-10.05,0.21109959483146667,0.9006300568580627
309,5.7212,0,analog,-10.34,-0.1656607836484909,0.42685258388519287
310,8.2076,1,analog,-9.946,-0.1538422852754593,0.9384620189666748
311,7.032,1,analog,-9.318,2.472214937210083,0.3817795217037201
312,6.0269,0,analog,-10.1,-0.5450088977813721,0.8739263415336609
313,5.2426,0,novel,-8.896,-1.276458501815796,0.7973504066467285
314,4.8239,0,novel,-9.53,0.9521159529685974,0.6414883136749268
315,8.6778,1,analog,,-1.079343557357788,0.9789108037948608
316,8.8239,1,analog,-7.905,0.8588932752609253,0.5638405084609985
317,7.2757,1,analog,-8.608,0.47593188285827637,0.8543113470077515
318,7.4949,1,analog,-8.422,0.11826112866401672,0.5087782740592957
319,8.8239,1,analog,-9.04,-1.0772426128387451,0.8760782480239868
320,9.6198,1,analog,-8.406,0.9399007558822632,0.8122333288192749
321,5.0969,0,novel,-9.722,-0.3376445770263672,0.5096085071563721
322,7.0605,1,analog,-9.51,-0.05789458751678467,0.4318046569824219
323,4.7959,0,novel,-8.848,0.680821418762207,0.5660092830657959
324,8.585,1,analog,-8.303,1.0961835384368896,0.7374811172485352
325,7.8861,1,analog,-8.497,0.07642155885696411,0.554328203201294
326,8.8539,1,analog,,-1.558254361152649,0.9795534014701843
327,6.585,1,analog,-8.636,0.9717659950256348,0.9010521769523621
328,6.8539,1,analog,-10.23,0.6575995683670044,0.6935268640518188
329,6.6778,1,novel,-10.5,-0.6360682249069214,0.9208221435546875
330,5.041,0,analog,-9.15,-0.3295001685619354,0.35382986068725586
331,8.6021,1,analog,-7.423,-0.18379884958267212,0.9328345060348511
332,6.8697,1,analog,-5.542,-0.5525056719779968,0.46904683113098145
333,6.5528,1,analog,-4.833,-0.8235340714454651,0.4682890772819519
334,6.5229,1,analog,-10.44,0.948188066482544,0.5816110372543335
335,5.7696,0,novel,-7.501,0.7843049168586731,0.5332504510879517
336,10.0809,1,analog,,,
337,4.0555,0,novel,-9.219,-1.4583463668823242,0.8157691359519958
338,4.6198,0,novel,-11.93,-1.2730731964111328,0.7140705585479736
339,9.2757,1,analog,-9.648,-1.5642974376678467,0.9792168736457825
340,8.4559,1,analog,-9.779,-1.0072617530822754,0.9807806015014648
341,7.8239,1,analog,-9.953,-2.275658369064331,0.9921684265136719
342,4.9508,0,novel,-9.438,0.49526625871658325,0.6621928215026855
343,5.8539,0,analog,-10.14,0.11910685151815414,0.9614659547805786
344,6.9208,1,analog,-9.015,-1.2866566181182861,0.9664469957351685
345,9.8539,1,analog,-9.155,-2.996211528778076,0.9924465417861938
346,6.9586,1,analog,-8.924,-0.03543342649936676,0.9659910798072815
347,6.3979,0,analog,-9.009,-0.8371225595474243,0.9194983243942261
348,8.8539,1,analog,-8.758,-1.8737425804138184,0.9742278456687927
349,5.0969,0,analog,-10.99,0.013309331610798836,0.7288330793380737
350,5.9586,0,analog,-10.23,-1.378773808479309,0.8765422105789185
351,6.0969,0,analog,-10.11,-1.7401955127716064,0.9398196935653687
352,6.699,1,analog,-9.835,-1.5463228225708008,0.9061384797096252
353,6.0458,0,analog,-10.64,-1.1772408485412598,0.8189752101898193
354,5.4559,0,analog,-9.812,-0.8321682810783386,0.783584475517273
355,9.699,1,analog,-9.812,-2.511232614517212,0.9880849123001099
356,8.301,1,analog,-7.769,0.14335604012012482,0.8936601877212524
357,5.5003,0,novel,-9.548,-0.15495777130126953,0.639907956123352
358,5.5591,0,novel,-9.087,-0.8789101839065552,0.8132370114326477
359,8.5875,1,analog,-10.01,-1.0282236337661743,0.9521991014480591
360,8.5686,1,analog,-9.212,-0.8139051198959351,0.9556140303611755
361,5.6008,0,novel,-10.35,-0.8825552463531494,0.8893218040466309
362,9.3979,1,analog,-9.503,-0.6601884365081787,0.9430277347564697
363,10.301,1,analog,-10.49,-2.247215986251831,0.9736813902854919
364,10.3979,1,analog,-9.283,-1.7944496870040894,0.9571584463119507
365,7.585,1,analog,-8.307,-0.62932288646698,0.9160780906677246
366,8.4815,1,analog,-9.496,-0.281629353761673,0.7956976294517517
367,8.3372,1,analog,-8.831,-0.3920411169528961,0.20565637946128845
368,6.8239,1,analog,-9.456,0.6599599123001099,0.7591868042945862
369,4.7959,0,analog,-9.375,1.1129918098449707,0.5477286577224731
370,10.3979,1,analog,-9.597,-1.7321794033050537,0.9210754036903381
371,10.0969,1,analog,-10.29,-2.1441845893859863,0.912920355796814
372,9.7959,1,analog,-10.02,-1.759493112564087,0.9108676910400391
373,5.0044,0,analog,-8.525,0.5258795022964478,0.9045521020889282
374,8.1938,1,analog,-8.433,-0.22882789373397827,0.977382481098175
375,7.2757,1,analog,-9.021,0.6195200681686401,0.8617057800292969
376,5.7447,0,analog,-8.814,1.0632250308990479,0.834964394569397
377,5.9586,0,analog,-8.898,0.5693893432617188,0.8836989402770996
378,6.7144,1,analog,-9.382,0.3015943169593811,0.9532903432846069
379,6.699,1,analog,-8.692,1.7649435997009277,0.9289937615394592
380,7.1871,1,analog,-8.664,0.8142894506454468,0.9352525472640991
381,5.9586,0,analog,-7.543,1.1679860353469849,0.7798733115196228
382,5.9586,0,analog,-8.955,-1.2553553581237793,0.5662195682525635
383,5.7959,0,analog,-9.379,-1.1501107215881348,0.6377537846565247
384,6.2218,0,analog,-8.301,0.06029073894023895,0.9462791681289673
385,6.9586,1,analog,-10.86,-0.5902689695358276,0.9340440630912781
386,5.7696,0,analog,-9.002,-0.3641611933708191,0.958732008934021
387,5.8861,0,analog,-8.438,-0.08233913779258728,0.9397674202919006
388,5.301,0,analog,-8.941,0.3363829255104065,0.6127110719680786
389,5.2676,0,analog,-9.21,0.28052183985710144,0.715643584728241
390,5.5229,0,analog,-9.534,-0.04499274492263794,0.9291144609451294
391,5.585,0,analog,-9.895,0.6914465427398682,0.8277896046638489
392,5.8539,0,analog,-10.1,0.3510463237762451,0.906838059425354
393,6.585,1,analog,-8.874,-0.4717007279396057,0.9568073153495789
394,5.301,0,analog,-10.18,0.3562160134315491,0.7383307814598083
395,6.9208,1,analog,-8.8,-0.39445245265960693,0.9544130563735962
396,6.3372,0,analog,-11.06,-0.5779640078544617,0.9504749178886414
397,5.7447,0,analog,-10.04,-0.2639886438846588,0.9243465662002563
398,6.699,1,analog,-9.039,0.09550029039382935,0.7883882522583008
399,5.9208,0,analog,-8.532,0.1633865088224411,0.5759776830673218
400,7.2441,1,analog,-9.636,-1.5872349739074707,0.8385236263275146
401,6.8861,1,analog,-9.727,-1.224989891052246,0.7970466613769531
402,4.3188,0,novel,-9.223,0.6344329118728638,0.8377775549888611
403,6.5157,1,analog,-9.892,-0.9817768931388855,0.7764321565628052
404,5.7212,0,analog,-8.631,1.8853729963302612,0.20880676805973053
405,5.2518,0,analog,-8.474,1.9905383586883545,0.268511563539505
406,6.3979,0,analog,-9.838,1.2614662647247314,0.40880295634269714
407,6.0458,0,analog,-8.785,1.3036935329437256,0.7595282196998596
408,6.0458,0,analog,-9.075,1.6934504508972168,0.7362340688705444
409,8.4437,1,analog,-8.014,-0.7623871564865112,0.9488590955734253
410,6.7447,1,analog,-7.465,-1.5078123807907104,0.9436156153678894
411,6.6021,1,analog,-8.24,-0.7593410015106201,0.8764330148696899
412,5.0809,0,analog,-8.644,0.21015004813671112,0.9092446565628052
413,5.0,0,analog,-8.86,0.6459600925445557,0.7058828473091125
414,5.4815,0,analog,-8.504,-1.0514411926269531,0.605751633644104
415,6.4685,0,analog,-9.248,-0.7655614614486694,0.3373187780380249
416,5.9586,0,analog,-8.919,-0.10364899039268494,0.5029288530349731
417,7.2218,1,analog,-8.743,-1.6156835556030273,0.774189829826355
418,7.0,1,analog,-9.011,-1.6219162940979004,0.66791832447052
419,5.7696,0,analog,-8.849,-1.1508954763412476,0.7489846348762512
420,6.4437,0,analog,-7.969,-1.429903507232666,0.809006929397583
421,6.4685,0,analog,-9.156,-1.219063401222229,0.37735089659690857
422,5.9208,0,analog,-8.156,-0.9844399690628052,0.5228570699691772
423,5.9586,0,analog,-8.089,-0.7357311248779297,0.6611791849136353
424,5.8239,0,analog,-8.454,-0.8297050595283508,0.5785530805587769
425,6.1675,0,analog,-9.169,-0.8205841779708862,0.6570944786071777
426,6.5086,1,analog,-9.475,-1.058951735496521,0.7296000123023987
427,5.4949,0,analog,-7.439,-0.5629274845123291,0.536678671836853
428,5.6383,0,analog,-8.629,-0.35328981280326843,0.6720291376113892
429,5.9208,0,analog,-9.712,-1.2092688083648682,0.8563860654830933
430,5.052,0,novel,-8.788,-0.17370587587356567,0.8652733564376831
431,6.4815,0,analog,-9.1,-0.9477081298828125,0.4513344466686249
432,5.7447,0,analog,-8.8,-0.47312748432159424,0.5378970503807068
433,7.7696,1,analog,-7.63,0.1695796549320221,0.6883740425109863
434,9.1549,1,analog,-9.622,-1.1131737232208252,0.906562328338623
435,8.5528,1,analog,-10.47,-1.683250904083252,0.9301772117614746
436,8.4815,1,analog,-9.666,-1.1838043928146362,0.9285343289375305
437,8.3279,1,analog,-9.662,-1.4015605449676514,0.9217133522033691
438,7.4698,1,analog,-8.842,-0.6896688938140869,0.8916096687316895
439,6.4572,0,analog,-10.21,-0.5425244569778442,0.8325626254081726
440,9.1871,1,analog,-10.08,-2.334263563156128,0.9793844223022461
441,9.8239,1,analog,-9.789,-2.7607779502868652,0.9912997484207153
442,7.7447,1,analog,-9.569,-1.8840560913085938,0.964461624622345
443,5.585,0,analog,-10.3,-0.5435765981674194,0.9875525236129761
444,8.9586,1,analog,-8.031,1.842876672744751,0.3644389510154724
445,9.5229,1,analog,-7.542,2.3807268142700195,0.5481247901916504
446,8.699,1,analog,-8.571,2.1708824634552,0.5767844319343567
447,9.1805,1,analog,-8.397,-0.8771080374717712,0.9051347374916077
448,8.8861,1,analog,-9.113,-0.4671195149421692,0.9012519121170044
449,7.2596,1,analog,-7.599,0.06162414699792862,0.9198644161224365
450,5.4145,0,analog,-8.902,-0.16217687726020813,0.9093505144119263
451,5.2604,0,analog,-7.984,1.0722339153289795,0.7884279489517212
452,4.585,0,novel,-9.7,0.6547285318374634,0.8134605884552002
453,7.2518,1,analog,-8.687,-0.5531103610992432,0.9628995656967163
454,6.6198,1,analog,-9.957,0.2023029923439026,0.9312529563903809
455,5.9586,0,analog,-9.993,-0.17032557725906372,0.9440871477127075
456,6.8239,1,analog,-8.682,0.03662978112697601,0.9381346702575684
457,6.1739,0,analog,-9.524,0.6678621768951416,0.9103380441665649
458,4.8386,0,analog,-9.564,0.31386542320251465,0.8851171731948853
459,8.4437,1,analog,-9.861,-1.4311985969543457,0.983601987361908
460,5.5317,0,analog,-9.964,-0.35132792592048645,0.8800476789474487
461,5.5638,0,analog,-10.04,-0.6585503816604614,0.9375441074371338
462,4.6162,0,analog,-11.03,0.35356271266937256,0.8271198868751526
463,5.2874,0,analog,-9.343,-0.1335521936416626,0.7881130576133728
464,5.3072,0,analog,-8.977,-0.6295416355133057,0.8933265805244446
465,5.2596,0,analog,-9.906,0.14779095351696014,0.8172973394393921
466,5.5436,0,analog,-9.557,-0.12981262803077698,0.8621554374694824
467,6.7696,1,novel,-7.899,0.787708044052124,0.260069876909256
468,6.2596,0,novel,-8.23,1.091335415840149,0.4389711916446686
469,5.0655,0,novel,-9.145,-0.11585837602615356,0.623525857925415
470,4.8153,0,novel,-8.993,-0.3186365067958832,0.6944012641906738
471,4.1403,0,analog,-8.518,1.3758442401885986,0.45194777846336365
472,7.9586,1,analog,-8.442,0.18217499554157257,0.9393550157546997
473,8.1675,1,analog,-9.526,-0.02294023334980011,0.9624308347702026
474,10.0458,1,analog,-8.826,-2.8783750534057617,0.9965111017227173
475,10.8239,1,analog,-9.617,-1.7993087768554688,0.9711542129516602
476,9.1249,1,analog,-9.473,-0.43503624200820923,0.9112342596054077
477,8.8861,1,analog,-8.425,-0.36918535828590393,0.8852506875991821
478,8.6383,1,analog,-8.876,-0.8891421556472778,0.9704530835151672
479,8.9586,1,analog,-9.241,-0.9676716327667236,0.924043595790863
480,8.7447,1,analog,-9.219,-1.457916021347046,0.9624536633491516
481,8.8239,1,analog,-9.102,-0.665157675743103,0.9136624932289124
482,7.301,1,analog,-9.404,-0.17226070165634155,0.41857820749282837
483,9.0315,1,analog,-9.107,-1.7841503620147705,0.9298763275146484
484,8.1739,1,analog,-8.889,-1.841444492340088,0.986456036567688
485,7.1675,1,analog,-8.004,-0.961993932723999,0.953629732131958
486,7.1308,1,analog,-8.31,-0.2619595527648926,0.7839661836624146
487,5.3372,0,novel,-9.657,0.8250916004180908,0.28368547558784485
488,5.1618,0,novel,-9.243,0.9392136335372925,0.27594131231307983
489,5.4841,0,analog,-9.917,-1.3061532974243164,0.8854982852935791
490,4.6308,0,novel,-7.595,1.1537660360336304,0.3299713134765625
491,6.1249,0,analog,-9.46,-0.05889114737510681,0.8312348127365112
492,6.585,1,analog,-9.461,-0.05652318149805069,0.8677160739898682
493,6.0915,0,analog,-10.01,0.42181795835494995,0.7751717567443848
494,5.5229,0,analog,-10.44,-0.527256965637207,0.8327375054359436
495,5.6946,0,analog,-9.718,-0.5549220442771912,0.9154421091079712
496,5.1858,0,analog,-9.132,-1.2733153104782104,0.8622811436653137
497,8.0888,1,analog,-8.405,-1.1141661405563354,0.8874476552009583
498,5.9208,0,analog,-8.489,0.006304115056991577,0.9319685101509094
499,5.7447,0,analog,-8.526,-0.04885596036911011,0.9590843915939331
500,6.6576,1,analog,-9.448,-0.25662216544151306,0.9830092191696167
501,6.6576,1,analog,-9.553,-0.5328126549720764,0.9561102390289307
502,6.6778,1,analog,-8.651,0.0041189491748809814,0.9649761915206909
503,8.3468,1,analog,-8.084,0.6753793954849243,0.46190693974494934
504,7.4559,1,analog,-8.993,-0.5658382177352905,0.8996602296829224
505,4.9586,0,novel,-9.459,0.286903440952301,0.7283316254615784
506,5.5376,0,novel,-10.37,0.0119856595993042,0.6963001489639282
507,5.6778,0,novel,-8.936,0.39460790157318115,0.3101789057254791
508,5.2441,0,novel,-8.84,0.39461687207221985,0.28268152475357056
509,5.4685,0,novel,-9.754,0.8919856548309326,0.27342215180397034
510,5.5528,0,analog,-8.444,0.5739733576774597,0.47626590728759766
511,5.1079,0,analog,-9.243,0.35918694734573364,0.48102304339408875
512,5.0223,0,analog,-8.204,0.4471452236175537,0.5301235914230347
513,5.699,0,analog,-9.376,-0.037768855690956116,0.9322075843811035
514,5.5229,0,analog,-8.851,0.17520467936992645,0.9115140438079834
515,4.9208,0,analog,-8.485,1.03106689453125,0.9024609327316284
516,4.7545,0,novel,-8.871,0.19811517000198364,0.7153584361076355
517,4.7799,0,novel,-7.594,0.24636149406433105,0.4957602024078369
518,4.4895,0,novel,-7.241,-0.6907750964164734,0.8314258456230164
519,6.3002,0,novel,-10.22,-0.5898362398147583,0.6574912071228027
520,6.1284,0,novel,-10.07,-0.34777238965034485,0.5390819311141968
521,5.9763,0,analog,-9.249,0.2534119486808777,0.3942084014415741
522,5.8911,0,novel,-8.847,0.0028909295797348022,0.4984568953514099
523,5.8897,0,analog,-10.35,-0.8995405435562134,0.7231759428977966
524,5.8063,0,analog,-11.42,-0.17181000113487244,0.442008376121521
525,5.7846,0,analog,-9.501,-0.5007572174072266,0.6332812905311584
526,5.7484,0,novel,-9.469,0.13247686624526978,0.6512835621833801
527,5.451,0,novel,-9.275,0.006301626563072205,0.8930730819702148
528,5.3765,0,novel,-9.222,-0.23995506763458252,0.6353195309638977
529,6.7212,1,novel,-9.612,-0.8949763178825378,0.8974187970161438
530,5.1308,0,novel,-9.445,-1.2804139852523804,0.7537456154823303
531,5.1739,0,analog,-9.677,0.2950006425380707,0.4629111886024475
532,6.7447,1,analog,-8.09,-0.6033197045326233,0.9855172038078308
533,5.7212,0,analog,-8.193,0.0851544439792633,0.9047938585281372
534,6.7282,1,analog,-10.72,-0.3254610300064087,0.9023663997650146
535,4.0851,0,analog,-9.693,0.871461033821106,0.9032005071640015
536,5.1308,0,novel,-9.678,-0.3937031924724579,0.8899028301239014
537,4.7696,0,novel,-10.38,-0.28759804368019104,0.9274317026138306
538,6.5544,1,analog,-9.656,0.05905432999134064,0.6048557758331299
539,5.4559,0,analog,-7.568,1.0789469480514526,0.6802345514297485
540,7.3098,1,analog,-8.989,-0.5681688189506531,0.9323070049285889
541,6.3979,0,analog,-8.055,-0.9243309497833252,0.9558511972427368
542,8.3188,1,analog,-9.026,-1.0253667831420898,0.9451982975006104
543,7.4089,1,analog,-8.31,-0.40791890025138855,0.857495903968811
544,8.6021,1,analog,-8.767,-0.8787187337875366,0.9245213866233826
545,6.983,1,analog,-8.223,-0.31921374797821045,0.6962693929672241
546,7.5229,1,analog,-9.489,0.42123517394065857,0.8466272354125977
547,8.6968,1,analog,-8.129,0.1225503459572792,0.9801082611083984
548,5.5305,0,analog,-7.688,-1.8212844133377075,0.9297945499420166
549,6.699,1,novel,-10.02,0.0687776580452919,0.8808016777038574
550,4.6576,0,analog,-8.473,1.2116978168487549,0.836814284324646
551,4.2007,0,analog,-7.879,0.9647371768951416,0.8464417457580566
552,4.8539,0,analog,-7.671,0.7142469882965088,0.9454213380813599
